# ************************************************************
# Sequel Ace SQL dump
# Version 20033
#
# https://sequel-ace.com/
# https://github.com/Sequel-Ace/Sequel-Ace
#
# Host: 127.0.0.1 (MySQL 5.7.30)
# Database: project_manager
# Generation Time: 2022-07-21 16:39:21 +0000
# ************************************************************


/*!40101 SET @OLD_CHARACTER_SET_CLIENT=@@CHARACTER_SET_CLIENT */;
/*!40101 SET @OLD_CHARACTER_SET_RESULTS=@@CHARACTER_SET_RESULTS */;
/*!40101 SET @OLD_COLLATION_CONNECTION=@@COLLATION_CONNECTION */;
SET NAMES utf8mb4;
/*!40014 SET @OLD_FOREIGN_KEY_CHECKS=@@FOREIGN_KEY_CHECKS, FOREIGN_KEY_CHECKS=0 */;
/*!40101 SET @OLD_SQL_MODE='NO_AUTO_VALUE_ON_ZERO', SQL_MODE='NO_AUTO_VALUE_ON_ZERO' */;
/*!40111 SET @OLD_SQL_NOTES=@@SQL_NOTES, SQL_NOTES=0 */;


# Dump of table clients
# ------------------------------------------------------------

DROP TABLE IF EXISTS `clients`;

CREATE TABLE `clients` (
  `id` int(11) unsigned NOT NULL AUTO_INCREMENT,
  `name` varchar(255) NOT NULL,
  `logo` varchar(255) DEFAULT NULL,
  PRIMARY KEY (`id`)
) ENGINE=InnoDB DEFAULT CHARSET=latin1;

LOCK TABLES `clients` WRITE;
/*!40000 ALTER TABLE `clients` DISABLE KEYS */;

INSERT INTO `clients` (`id`, `name`, `logo`)
VALUES
	(1,'Yadel','http://dummyimage.com/200x200.png/ff4444/ffffff'),
	(2,'Tagfeed',''),
	(3,'Dynazzy',''),
	(4,'Yozio','http://dummyimage.com/200x200.png/5fa2dd/ffffff'),
	(5,'Plajo','http://dummyimage.com/200x200.png/dddddd/000000'),
	(6,'Zoomzone','http://dummyimage.com/200x200.png/cc0000/ffffff'),
	(7,'Meemm','http://dummyimage.com/200x200.png/cc0000/ffffff'),
	(8,'Lajo','http://dummyimage.com/200x200.png/cc0000/ffffff'),
	(9,'Avamba','http://dummyimage.com/200x200.png/dddddd/000000'),
	(10,'Quinu','http://dummyimage.com/200x200.png/5fa2dd/ffffff'),
	(11,'Skiptube',''),
	(12,'Eazzy','http://dummyimage.com/200x200.png/5fa2dd/ffffff'),
	(13,'Babblestorm','http://dummyimage.com/200x200.png/cc0000/ffffff'),
	(14,'Roodel','http://dummyimage.com/200x200.png/dddddd/000000'),
	(15,'Skiba','http://dummyimage.com/200x200.png/ff4444/ffffff'),
	(16,'Photobug','http://dummyimage.com/200x200.png/5fa2dd/ffffff'),
	(17,'Linkbridge',''),
	(18,'Mudo','http://dummyimage.com/200x200.png/cc0000/ffffff'),
	(19,'Jabbersphere','http://dummyimage.com/200x200.png/cc0000/ffffff'),
	(20,'Dabfeed','http://dummyimage.com/200x200.png/5fa2dd/ffffff'),
	(21,'Jazzy','http://dummyimage.com/200x200.png/dddddd/000000'),
	(22,'Shufflebeat','http://dummyimage.com/200x200.png/ff4444/ffffff'),
	(23,'Blogpad','http://dummyimage.com/200x200.png/cc0000/ffffff'),
	(24,'LiveZ',''),
	(25,'Youspan','http://dummyimage.com/200x200.png/cc0000/ffffff');

/*!40000 ALTER TABLE `clients` ENABLE KEYS */;
UNLOCK TABLES;


# Dump of table project_users
# ------------------------------------------------------------

DROP TABLE IF EXISTS `project_users`;

CREATE TABLE `project_users` (
  `id` int(11) unsigned NOT NULL AUTO_INCREMENT,
  `project_id` int(11) NOT NULL,
  `user_id` int(11) NOT NULL,
  PRIMARY KEY (`id`)
) ENGINE=InnoDB DEFAULT CHARSET=latin1;

LOCK TABLES `project_users` WRITE;
/*!40000 ALTER TABLE `project_users` DISABLE KEYS */;

INSERT INTO `project_users` (`id`, `project_id`, `user_id`)
VALUES
	(1,1,1),
	(2,1,2),
	(3,1,3),
	(4,1,4),
	(5,2,1),
	(6,2,2),
	(7,2,3),
	(8,2,4),
	(9,3,1),
	(10,3,2),
	(11,3,3),
	(12,3,4),
	(13,4,1),
	(14,4,2),
	(15,4,3),
	(16,4,4),
	(17,5,1),
	(18,5,2),
	(19,5,3),
	(20,5,4),
	(21,6,5),
	(22,6,6),
	(23,6,8),
	(24,7,5),
	(25,7,6),
	(26,7,7),
	(27,7,8),
	(28,8,5),
	(29,8,6),
	(30,8,7),
	(31,8,8),
	(32,9,5),
	(33,9,6),
	(34,9,7),
	(35,9,8),
	(36,10,5),
	(37,10,6),
	(38,10,7),
	(39,10,8),
	(40,11,11),
	(41,11,12),
	(42,12,9),
	(43,12,10),
	(44,12,11),
	(45,12,12),
	(46,13,10),
	(47,13,11),
	(48,13,12),
	(49,14,9),
	(50,14,10),
	(51,14,12),
	(52,15,9),
	(53,15,10),
	(54,15,11),
	(55,15,12),
	(56,16,14),
	(57,16,15),
	(58,16,16),
	(59,16,17),
	(60,16,18),
	(61,17,14),
	(62,17,16),
	(63,17,17),
	(64,17,18),
	(65,18,15),
	(66,18,16),
	(67,18,17),
	(68,18,18),
	(69,19,14),
	(70,19,15),
	(71,19,16),
	(72,19,17),
	(73,19,18),
	(74,20,14),
	(75,20,15),
	(76,20,16),
	(77,20,17),
	(78,20,18),
	(79,21,21),
	(80,21,22),
	(81,21,23),
	(82,22,20),
	(83,22,22),
	(84,22,23),
	(85,23,20),
	(86,23,21),
	(87,23,22),
	(88,23,23),
	(89,24,20),
	(90,24,21),
	(91,24,22),
	(92,24,23),
	(93,25,20),
	(94,25,21),
	(95,25,22),
	(96,25,23),
	(97,26,24),
	(98,26,25),
	(99,27,24),
	(100,27,25),
	(101,28,24),
	(102,28,25),
	(103,29,24),
	(104,29,25),
	(105,30,24),
	(106,30,25);

/*!40000 ALTER TABLE `project_users` ENABLE KEYS */;
UNLOCK TABLES;


# Dump of table projects
# ------------------------------------------------------------

DROP TABLE IF EXISTS `projects`;

CREATE TABLE `projects` (
  `id` int(11) unsigned NOT NULL AUTO_INCREMENT,
  `name` varchar(255) NOT NULL,
  `client_id` int(11) NOT NULL,
  `description` text,
  `deadline` date DEFAULT NULL,
  PRIMARY KEY (`id`)
) ENGINE=InnoDB DEFAULT CHARSET=latin1;

LOCK TABLES `projects` WRITE;
/*!40000 ALTER TABLE `projects` DISABLE KEYS */;

INSERT INTO `projects` (`id`, `name`, `client_id`, `description`, `deadline`)
VALUES
	(1,'Voyatouch',4,NULL,'2023-10-14'),
	(2,'Tampflex',24,NULL,'2024-01-08'),
	(3,'Y-Solowarm',16,'Vivamus vestibulum sagittis sapien',NULL),
	(4,'Andalax',12,NULL,'2025-05-20'),
	(5,'Domainer',18,NULL,NULL),
	(6,'Regrant',9,NULL,NULL),
	(7,'Zontrax',15,NULL,'2023-03-23'),
	(8,'Hatity',20,NULL,NULL),
	(9,'Lotstring',14,NULL,'2024-12-27'),
	(10,'Job',16,'Suspendisse potenti. Nullam porttitor lacus at turpis. Donec posuere metus vitae ipsum. Aliquam non mauris.','2024-04-03'),
	(11,'Gembucket',19,NULL,'2023-08-29'),
	(12,'Quo Lux',24,NULL,'2024-12-16'),
	(13,'Duobam',21,'Lorem ipsum dolor sit amet, consectetuer adipiscing elit.','2024-06-16'),
	(14,'Otcom',22,'Nullam porttitor lacus at turpis. Donec posuere metus vitae ipsum.','2025-06-29'),
	(15,'Tempsoft',16,'Nulla neque libero, convallis eget, eleifend luctus, ultricies eu, nibh. Quisque id justo sit amet sapien dignissim vestibulum. Vestibulum ante ipsum primis in faucibus orci luctus et ultrices posuere cubilia Curae; Nulla dapibus dolor vel est. Donec odio justo, sollicitudin ut, suscipit a, feugiat et, eros.','2022-11-07'),
	(16,'Konklab',5,'Vestibulum rutrum rutrum neque. Aenean auctor gravida sem. Praesent id massa id nisl venenatis lacinia. Aenean sit amet justo. Morbi ut odio.','2023-10-13'),
	(17,'Overhold',7,'Aliquam erat volutpat.','2023-11-29'),
	(18,'Wrapsafe',24,'Maecenas leo odio, condimentum id, luctus nec, molestie sed, justo. Pellentesque viverra pede ac diam. Cras pellentesque volutpat dui.','2024-01-26'),
	(19,'Stim',4,'In quis justo. Maecenas rhoncus aliquam lacus. Morbi quis tortor id nulla ultrices aliquet.','2023-05-30'),
	(20,'Job',24,'Fusce posuere felis sed lacus. Morbi sem mauris, laoreet ut, rhoncus aliquet, pulvinar sed, nisl. Nunc rhoncus dui vel sem. Sed sagittis.','2024-09-16'),
	(21,'Zaam-Dox',16,'In congue. Etiam justo.','2024-10-08'),
	(22,'Holdlamis',12,NULL,'2023-11-26'),
	(23,'Fixflex',7,NULL,'2023-03-07'),
	(24,'Job',9,'Fusce posuere felis sed lacus. Morbi sem mauris, laoreet ut, rhoncus aliquet, pulvinar sed, nisl. Nunc rhoncus dui vel sem.','2022-12-20'),
	(25,'Bitchip',25,'Donec ut dolor. Morbi vel lectus in quam fringilla rhoncus. Mauris enim leo, rhoncus sed, vestibulum sit amet, cursus id, turpis. Integer aliquet, massa id lobortis convallis, tortor risus dapibus augue, vel accumsan tellus nisi eu orci. Mauris lacinia sapien quis libero.','2024-08-22'),
	(26,'Redhold',8,NULL,'2023-05-05'),
	(27,'Keylex',22,'Praesent lectus. Vestibulum quam sapien, varius ut, blandit non, interdum in, ante. Vestibulum ante ipsum primis in faucibus orci luctus et ultrices posuere cubilia Curae; Duis faucibus accumsan odio. Curabitur convallis.','2024-07-26'),
	(28,'Cardguard',24,'Etiam pretium iaculis justo. In hac habitasse platea dictumst. Etiam faucibus cursus urna. Ut tellus.',NULL),
	(29,'Kanlam',19,NULL,'2022-10-25'),
	(30,'Asoka',13,'In hac habitasse platea dictumst. Morbi vestibulum, velit id pretium iaculis, diam erat fermentum justo, nec condimentum neque sapien placerat ante. Nulla justo.',NULL);

/*!40000 ALTER TABLE `projects` ENABLE KEYS */;
UNLOCK TABLES;


# Dump of table tasks
# ------------------------------------------------------------

DROP TABLE IF EXISTS `tasks`;

CREATE TABLE `tasks` (
  `id` int(11) unsigned NOT NULL AUTO_INCREMENT,
  `project_id` int(11) NOT NULL,
  `user_id` int(11) NOT NULL,
  `name` varchar(255) NOT NULL,
  `description` text,
  `estimate` int(2) DEFAULT NULL,
  `deadline` date DEFAULT NULL,
  PRIMARY KEY (`id`)
) ENGINE=InnoDB DEFAULT CHARSET=latin1;

LOCK TABLES `tasks` WRITE;
/*!40000 ALTER TABLE `tasks` DISABLE KEYS */;

INSERT INTO `tasks` (`id`, `project_id`, `user_id`, `name`, `description`, `estimate`, `deadline`)
VALUES
	(1,10,6,'augue luctus','Maecenas tristique, est et tempus semper, est quam pharetra magna, ac consequat metus sapien ut nunc. Vestibulum ante ipsum primis in faucibus orci luctus et ultrices posuere cubilia Curae; Mauris viverra diam vitae quam. Suspendisse potenti.\n\nNullam porttitor lacus at turpis. Donec posuere metus vitae ipsum. Aliquam non mauris.',13,'2022-09-23'),
	(2,19,14,'justo in hac habitasse','Duis consequat dui nec nisi volutpat eleifend. Donec ut dolor. Morbi vel lectus in quam fringilla rhoncus.\n\nMauris enim leo, rhoncus sed, vestibulum sit amet, cursus id, turpis. Integer aliquet, massa id lobortis convallis, tortor risus dapibus augue, vel accumsan tellus nisi eu orci. Mauris lacinia sapien quis libero.\n\nNullam sit amet turpis elementum ligula vehicula consequat. Morbi a ipsum. Integer a nibh.',NULL,NULL),
	(3,8,6,'etiam vel','Duis consequat dui nec nisi volutpat eleifend. Donec ut dolor. Morbi vel lectus in quam fringilla rhoncus.\n\nMauris enim leo, rhoncus sed, vestibulum sit amet, cursus id, turpis. Integer aliquet, massa id lobortis convallis, tortor risus dapibus augue, vel accumsan tellus nisi eu orci. Mauris lacinia sapien quis libero.\n\nNullam sit amet turpis elementum ligula vehicula consequat. Morbi a ipsum. Integer a nibh.',1,'2024-10-31'),
	(4,25,20,'sapien varius','Phasellus sit amet erat. Nulla tempus. Vivamus in felis eu sapien cursus vestibulum.',13,'2025-01-07'),
	(5,25,20,'justo sollicitudin ut suscipit a','Cras non velit nec nisi vulputate nonummy. Maecenas tincidunt lacus at velit. Vivamus vel nulla eget eros elementum pellentesque.\n\nQuisque porta volutpat erat. Quisque erat eros, viverra eget, congue eget, semper rutrum, nulla. Nunc purus.\n\nPhasellus in felis. Donec semper sapien a libero. Nam dui.',NULL,NULL),
	(6,16,18,'vel accumsan tellus nisi','',5,'2023-04-17'),
	(7,29,24,'adipiscing lorem vitae mattis','Donec diam neque, vestibulum eget, vulputate ut, ultrices vel, augue. Vestibulum ante ipsum primis in faucibus orci luctus et ultrices posuere cubilia Curae; Donec pharetra, magna vestibulum aliquet ultrices, erat tortor sollicitudin mi, sit amet lobortis sapien sapien non mi. Integer ac neque.',1,'2023-10-25'),
	(8,12,10,'quam','Duis consequat dui nec nisi volutpat eleifend. Donec ut dolor. Morbi vel lectus in quam fringilla rhoncus.\n\nMauris enim leo, rhoncus sed, vestibulum sit amet, cursus id, turpis. Integer aliquet, massa id lobortis convallis, tortor risus dapibus augue, vel accumsan tellus nisi eu orci. Mauris lacinia sapien quis libero.\n\nNullam sit amet turpis elementum ligula vehicula consequat. Morbi a ipsum. Integer a nibh.',NULL,NULL),
	(9,20,16,'aliquam augue','Proin interdum mauris non ligula pellentesque ultrices. Phasellus id sapien in sapien iaculis congue. Vivamus metus arcu, adipiscing molestie, hendrerit at, vulputate vitae, nisl.\n\nAenean lectus. Pellentesque eget nunc. Donec quis orci eget orci vehicula condimentum.\n\nCurabitur in libero ut massa volutpat convallis. Morbi odio odio, elementum eu, interdum eu, tincidunt in, leo. Maecenas pulvinar lobortis est.',1,'2024-08-01'),
	(10,17,18,'congue elementum in','',3,'2025-05-05'),
	(11,25,23,'in lectus pellentesque at nulla','',NULL,NULL),
	(12,20,15,'mauris sit amet eros suspendisse','Duis bibendum. Morbi non quam nec dui luctus rutrum. Nulla tellus.\n\nIn sagittis dui vel nisl. Duis ac nibh. Fusce lacus purus, aliquet at, feugiat non, pretium quis, lectus.',5,NULL),
	(13,13,12,'in blandit ultrices enim lorem','Cras mi pede, malesuada in, imperdiet et, commodo vulputate, justo. In blandit ultrices enim. Lorem ipsum dolor sit amet, consectetuer adipiscing elit.\n\nProin interdum mauris non ligula pellentesque ultrices. Phasellus id sapien in sapien iaculis congue. Vivamus metus arcu, adipiscing molestie, hendrerit at, vulputate vitae, nisl.\n\nAenean lectus. Pellentesque eget nunc. Donec quis orci eget orci vehicula condimentum.',NULL,NULL),
	(14,19,14,'in leo maecenas','Praesent id massa id nisl venenatis lacinia. Aenean sit amet justo. Morbi ut odio.',NULL,NULL),
	(15,3,4,'pede ac diam cras','Sed ante. Vivamus tortor. Duis mattis egestas metus.\n\nAenean fermentum. Donec ut mauris eget massa tempor convallis. Nulla neque libero, convallis eget, eleifend luctus, ultricies eu, nibh.\n\nQuisque id justo sit amet sapien dignissim vestibulum. Vestibulum ante ipsum primis in faucibus orci luctus et ultrices posuere cubilia Curae; Nulla dapibus dolor vel est. Donec odio justo, sollicitudin ut, suscipit a, feugiat et, eros.',NULL,'2023-02-13'),
	(16,3,4,'vestibulum','',2,'2022-12-05'),
	(17,19,14,'nullam sit','',2,'2024-08-08'),
	(18,12,12,'scelerisque quam turpis','Sed ante. Vivamus tortor. Duis mattis egestas metus.\n\nAenean fermentum. Donec ut mauris eget massa tempor convallis. Nulla neque libero, convallis eget, eleifend luctus, ultricies eu, nibh.',NULL,NULL),
	(19,14,9,'pede justo eu massa donec','Quisque porta volutpat erat. Quisque erat eros, viverra eget, congue eget, semper rutrum, nulla. Nunc purus.',1,'2023-08-24'),
	(20,4,1,'pharetra','Nullam porttitor lacus at turpis. Donec posuere metus vitae ipsum. Aliquam non mauris.',NULL,NULL),
	(21,22,22,'lectus suspendisse potenti in','Quisque id justo sit amet sapien dignissim vestibulum. Vestibulum ante ipsum primis in faucibus orci luctus et ultrices posuere cubilia Curae; Nulla dapibus dolor vel est. Donec odio justo, sollicitudin ut, suscipit a, feugiat et, eros.\n\nVestibulum ac est lacinia nisi venenatis tristique. Fusce congue, diam id ornare imperdiet, sapien urna pretium nisl, ut volutpat sapien arcu sed augue. Aliquam erat volutpat.\n\nIn congue. Etiam justo. Etiam pretium iaculis justo.',NULL,NULL),
	(22,18,18,'tempus vivamus in felis eu','Aenean fermentum. Donec ut mauris eget massa tempor convallis. Nulla neque libero, convallis eget, eleifend luctus, ultricies eu, nibh.\n\nQuisque id justo sit amet sapien dignissim vestibulum. Vestibulum ante ipsum primis in faucibus orci luctus et ultrices posuere cubilia Curae; Nulla dapibus dolor vel est. Donec odio justo, sollicitudin ut, suscipit a, feugiat et, eros.\n\nVestibulum ac est lacinia nisi venenatis tristique. Fusce congue, diam id ornare imperdiet, sapien urna pretium nisl, ut volutpat sapien arcu sed augue. Aliquam erat volutpat.',13,'2025-04-27'),
	(23,13,11,'id pretium','',5,'2024-04-21'),
	(24,10,8,'nulla quisque arcu','Proin eu mi. Nulla ac enim. In tempor, turpis nec euismod scelerisque, quam turpis adipiscing lorem, vitae mattis nibh ligula nec sem.\n\nDuis aliquam convallis nunc. Proin at turpis a pede posuere nonummy. Integer non velit.',3,'2025-05-01'),
	(25,24,22,'eget','Sed ante. Vivamus tortor. Duis mattis egestas metus.\n\nAenean fermentum. Donec ut mauris eget massa tempor convallis. Nulla neque libero, convallis eget, eleifend luctus, ultricies eu, nibh.',NULL,NULL),
	(26,6,6,'in felis','Lorem ipsum dolor sit amet, consectetuer adipiscing elit. Proin risus. Praesent lectus.\n\nVestibulum quam sapien, varius ut, blandit non, interdum in, ante. Vestibulum ante ipsum primis in faucibus orci luctus et ultrices posuere cubilia Curae; Duis faucibus accumsan odio. Curabitur convallis.\n\nDuis consequat dui nec nisi volutpat eleifend. Donec ut dolor. Morbi vel lectus in quam fringilla rhoncus.',NULL,NULL),
	(27,5,4,'ac est lacinia','Morbi porttitor lorem id ligula. Suspendisse ornare consequat lectus. In est risus, auctor sed, tristique in, tempus sit amet, sem.\n\nFusce consequat. Nulla nisl. Nunc nisl.',3,'2024-11-12'),
	(28,23,22,'integer aliquet massa','Nullam sit amet turpis elementum ligula vehicula consequat. Morbi a ipsum. Integer a nibh.\n\nIn quis justo. Maecenas rhoncus aliquam lacus. Morbi quis tortor id nulla ultrices aliquet.',NULL,NULL),
	(29,15,11,'consequat in consequat ut','Maecenas tristique, est et tempus semper, est quam pharetra magna, ac consequat metus sapien ut nunc. Vestibulum ante ipsum primis in faucibus orci luctus et ultrices posuere cubilia Curae; Mauris viverra diam vitae quam. Suspendisse potenti.',3,'2024-05-04'),
	(30,24,21,'velit id pretium','Pellentesque at nulla. Suspendisse potenti. Cras in purus eu magna vulputate luctus.\n\nCum sociis natoque penatibus et magnis dis parturient montes, nascetur ridiculus mus. Vivamus vestibulum sagittis sapien. Cum sociis natoque penatibus et magnis dis parturient montes, nascetur ridiculus mus.',2,'2022-11-26'),
	(32,9,7,'amet consectetuer','Duis bibendum, felis sed interdum venenatis, turpis enim blandit mi, in porttitor pede justo eu massa. Donec dapibus. Duis at velit eu est congue elementum.\n\nIn hac habitasse platea dictumst. Morbi vestibulum, velit id pretium iaculis, diam erat fermentum justo, nec condimentum neque sapien placerat ante. Nulla justo.',5,'2023-06-03'),
	(33,7,7,'amet','',3,'2023-07-15'),
	(34,24,20,'orci eget orci','Duis aliquam convallis nunc. Proin at turpis a pede posuere nonummy. Integer non velit.',8,'2024-12-20'),
	(35,17,16,'quam suspendisse potenti','Duis consequat dui nec nisi volutpat eleifend. Donec ut dolor. Morbi vel lectus in quam fringilla rhoncus.\n\nMauris enim leo, rhoncus sed, vestibulum sit amet, cursus id, turpis. Integer aliquet, massa id lobortis convallis, tortor risus dapibus augue, vel accumsan tellus nisi eu orci. Mauris lacinia sapien quis libero.',8,'2025-02-17'),
	(36,27,25,'etiam vel augue vestibulum','Lorem ipsum dolor sit amet, consectetuer adipiscing elit. Proin risus. Praesent lectus.',13,'2024-06-24'),
	(37,4,1,'metus sapien ut nunc vestibulum','Vestibulum ac est lacinia nisi venenatis tristique. Fusce congue, diam id ornare imperdiet, sapien urna pretium nisl, ut volutpat sapien arcu sed augue. Aliquam erat volutpat.\n\nIn congue. Etiam justo. Etiam pretium iaculis justo.\n\nIn hac habitasse platea dictumst. Etiam faucibus cursus urna. Ut tellus.',8,'2024-02-11'),
	(38,1,2,'id massa','Duis bibendum. Morbi non quam nec dui luctus rutrum. Nulla tellus.\n\nIn sagittis dui vel nisl. Duis ac nibh. Fusce lacus purus, aliquet at, feugiat non, pretium quis, lectus.',NULL,NULL),
	(39,25,22,'leo pellentesque ultrices','Quisque id justo sit amet sapien dignissim vestibulum. Vestibulum ante ipsum primis in faucibus orci luctus et ultrices posuere cubilia Curae; Nulla dapibus dolor vel est. Donec odio justo, sollicitudin ut, suscipit a, feugiat et, eros.',8,'2024-03-28'),
	(40,15,11,'elit sodales scelerisque mauris','Cras non velit nec nisi vulputate nonummy. Maecenas tincidunt lacus at velit. Vivamus vel nulla eget eros elementum pellentesque.\n\nQuisque porta volutpat erat. Quisque erat eros, viverra eget, congue eget, semper rutrum, nulla. Nunc purus.\n\nPhasellus in felis. Donec semper sapien a libero. Nam dui.',NULL,NULL),
	(41,21,21,'euismod scelerisque','Integer ac leo. Pellentesque ultrices mattis odio. Donec vitae nisi.\n\nNam ultrices, libero non mattis pulvinar, nulla pede ullamcorper augue, a suscipit nulla elit ac nulla. Sed vel enim sit amet nunc viverra dapibus. Nulla suscipit ligula in lacus.',NULL,NULL),
	(42,24,21,'dis parturient montes nascetur','In hac habitasse platea dictumst. Etiam faucibus cursus urna. Ut tellus.\n\nNulla ut erat id mauris vulputate elementum. Nullam varius. Nulla facilisi.\n\nCras non velit nec nisi vulputate nonummy. Maecenas tincidunt lacus at velit. Vivamus vel nulla eget eros elementum pellentesque.',3,'2023-02-25'),
	(43,19,17,'risus','Proin eu mi. Nulla ac enim. In tempor, turpis nec euismod scelerisque, quam turpis adipiscing lorem, vitae mattis nibh ligula nec sem.\n\nDuis aliquam convallis nunc. Proin at turpis a pede posuere nonummy. Integer non velit.\n\nDonec diam neque, vestibulum eget, vulputate ut, ultrices vel, augue. Vestibulum ante ipsum primis in faucibus orci luctus et ultrices posuere cubilia Curae; Donec pharetra, magna vestibulum aliquet ultrices, erat tortor sollicitudin mi, sit amet lobortis sapien sapien non mi. Integer ac neque.',NULL,NULL),
	(45,15,10,'rhoncus dui vel','Proin interdum mauris non ligula pellentesque ultrices. Phasellus id sapien in sapien iaculis congue. Vivamus metus arcu, adipiscing molestie, hendrerit at, vulputate vitae, nisl.\n\nAenean lectus. Pellentesque eget nunc. Donec quis orci eget orci vehicula condimentum.',8,'2024-05-26'),
	(46,21,23,'non mattis pulvinar nulla pede','Quisque id justo sit amet sapien dignissim vestibulum. Vestibulum ante ipsum primis in faucibus orci luctus et ultrices posuere cubilia Curae; Nulla dapibus dolor vel est. Donec odio justo, sollicitudin ut, suscipit a, feugiat et, eros.\n\nVestibulum ac est lacinia nisi venenatis tristique. Fusce congue, diam id ornare imperdiet, sapien urna pretium nisl, ut volutpat sapien arcu sed augue. Aliquam erat volutpat.\n\nIn congue. Etiam justo. Etiam pretium iaculis justo.',1,'2025-02-03'),
	(47,5,2,'felis sed','',2,'2024-01-17'),
	(48,4,4,'adipiscing elit proin risus praesent','',5,'2024-09-05'),
	(49,15,12,'et tempus semper est quam','Nullam porttitor lacus at turpis. Donec posuere metus vitae ipsum. Aliquam non mauris.\n\nMorbi non lectus. Aliquam sit amet diam in magna bibendum imperdiet. Nullam orci pede, venenatis non, sodales sed, tincidunt eu, felis.',NULL,NULL),
	(50,12,10,'lacus at velit','In sagittis dui vel nisl. Duis ac nibh. Fusce lacus purus, aliquet at, feugiat non, pretium quis, lectus.',13,'2025-02-21'),
	(51,18,17,'sit amet sem fusce','Pellentesque at nulla. Suspendisse potenti. Cras in purus eu magna vulputate luctus.\n\nCum sociis natoque penatibus et magnis dis parturient montes, nascetur ridiculus mus. Vivamus vestibulum sagittis sapien. Cum sociis natoque penatibus et magnis dis parturient montes, nascetur ridiculus mus.',NULL,NULL),
	(52,30,24,'mattis','Morbi porttitor lorem id ligula. Suspendisse ornare consequat lectus. In est risus, auctor sed, tristique in, tempus sit amet, sem.',1,'2024-01-27'),
	(53,2,4,'magna vestibulum aliquet ultrices erat','Proin leo odio, porttitor id, consequat in, consequat ut, nulla. Sed accumsan felis. Ut at dolor quis odio consequat varius.\n\nInteger ac leo. Pellentesque ultrices mattis odio. Donec vitae nisi.',1,NULL),
	(54,18,18,'consequat lectus in est','Curabitur in libero ut massa volutpat convallis. Morbi odio odio, elementum eu, interdum eu, tincidunt in, leo. Maecenas pulvinar lobortis est.\n\nPhasellus sit amet erat. Nulla tempus. Vivamus in felis eu sapien cursus vestibulum.\n\nProin eu mi. Nulla ac enim. In tempor, turpis nec euismod scelerisque, quam turpis adipiscing lorem, vitae mattis nibh ligula nec sem.',13,'2025-04-20'),
	(55,29,25,'curae donec pharetra magna','Fusce posuere felis sed lacus. Morbi sem mauris, laoreet ut, rhoncus aliquet, pulvinar sed, nisl. Nunc rhoncus dui vel sem.\n\nSed sagittis. Nam congue, risus semper porta volutpat, quam pede lobortis ligula, sit amet eleifend pede libero quis orci. Nullam molestie nibh in lectus.',13,'2025-02-21'),
	(56,4,4,'justo sit amet sapien dignissim','Nullam sit amet turpis elementum ligula vehicula consequat. Morbi a ipsum. Integer a nibh.\n\nIn quis justo. Maecenas rhoncus aliquam lacus. Morbi quis tortor id nulla ultrices aliquet.',NULL,'2023-05-20'),
	(57,5,3,'id nisl','Suspendisse potenti. In eleifend quam a odio. In hac habitasse platea dictumst.',NULL,NULL),
	(58,19,16,'odio odio elementum','',NULL,NULL),
	(59,18,16,'lacus','Maecenas tristique, est et tempus semper, est quam pharetra magna, ac consequat metus sapien ut nunc. Vestibulum ante ipsum primis in faucibus orci luctus et ultrices posuere cubilia Curae; Mauris viverra diam vitae quam. Suspendisse potenti.\n\nNullam porttitor lacus at turpis. Donec posuere metus vitae ipsum. Aliquam non mauris.',8,'2024-11-04'),
	(60,27,24,'odio consequat varius','Maecenas leo odio, condimentum id, luctus nec, molestie sed, justo. Pellentesque viverra pede ac diam. Cras pellentesque volutpat dui.\n\nMaecenas tristique, est et tempus semper, est quam pharetra magna, ac consequat metus sapien ut nunc. Vestibulum ante ipsum primis in faucibus orci luctus et ultrices posuere cubilia Curae; Mauris viverra diam vitae quam. Suspendisse potenti.\n\nNullam porttitor lacus at turpis. Donec posuere metus vitae ipsum. Aliquam non mauris.',NULL,NULL),
	(61,5,3,'eleifend','Nulla ut erat id mauris vulputate elementum. Nullam varius. Nulla facilisi.\n\nCras non velit nec nisi vulputate nonummy. Maecenas tincidunt lacus at velit. Vivamus vel nulla eget eros elementum pellentesque.\n\nQuisque porta volutpat erat. Quisque erat eros, viverra eget, congue eget, semper rutrum, nulla. Nunc purus.',NULL,NULL),
	(62,6,6,'tortor duis mattis','In quis justo. Maecenas rhoncus aliquam lacus. Morbi quis tortor id nulla ultrices aliquet.',3,'2022-10-20'),
	(63,8,6,'in faucibus orci luctus','Integer tincidunt ante vel ipsum. Praesent blandit lacinia erat. Vestibulum sed magna at nunc commodo placerat.',3,'2022-09-26'),
	(64,8,7,'interdum venenatis turpis enim blandit','Nam ultrices, libero non mattis pulvinar, nulla pede ullamcorper augue, a suscipit nulla elit ac nulla. Sed vel enim sit amet nunc viverra dapibus. Nulla suscipit ligula in lacus.\n\nCurabitur at ipsum ac tellus semper interdum. Mauris ullamcorper purus sit amet nulla. Quisque arcu libero, rutrum ac, lobortis vel, dapibus at, diam.',NULL,NULL),
	(65,11,11,'ridiculus mus etiam vel augue','',NULL,NULL),
	(66,30,25,'rhoncus sed','Etiam vel augue. Vestibulum rutrum rutrum neque. Aenean auctor gravida sem.\n\nPraesent id massa id nisl venenatis lacinia. Aenean sit amet justo. Morbi ut odio.',8,'2023-01-08'),
	(67,29,24,'pede justo lacinia eget tincidunt','Praesent id massa id nisl venenatis lacinia. Aenean sit amet justo. Morbi ut odio.\n\nCras mi pede, malesuada in, imperdiet et, commodo vulputate, justo. In blandit ultrices enim. Lorem ipsum dolor sit amet, consectetuer adipiscing elit.',3,'2024-06-14'),
	(68,2,2,'morbi','Aenean fermentum. Donec ut mauris eget massa tempor convallis. Nulla neque libero, convallis eget, eleifend luctus, ultricies eu, nibh.\n\nQuisque id justo sit amet sapien dignissim vestibulum. Vestibulum ante ipsum primis in faucibus orci luctus et ultrices posuere cubilia Curae; Nulla dapibus dolor vel est. Donec odio justo, sollicitudin ut, suscipit a, feugiat et, eros.',13,'2023-08-28'),
	(69,10,7,'cum sociis','Proin leo odio, porttitor id, consequat in, consequat ut, nulla. Sed accumsan felis. Ut at dolor quis odio consequat varius.',NULL,NULL),
	(70,19,18,'augue vestibulum rutrum rutrum','Duis consequat dui nec nisi volutpat eleifend. Donec ut dolor. Morbi vel lectus in quam fringilla rhoncus.',1,'2025-01-01'),
	(71,5,4,'adipiscing elit proin risus','Duis bibendum, felis sed interdum venenatis, turpis enim blandit mi, in porttitor pede justo eu massa. Donec dapibus. Duis at velit eu est congue elementum.\n\nIn hac habitasse platea dictumst. Morbi vestibulum, velit id pretium iaculis, diam erat fermentum justo, nec condimentum neque sapien placerat ante. Nulla justo.',13,'2024-04-13'),
	(72,6,5,'elit ac nulla sed vel','In hac habitasse platea dictumst. Morbi vestibulum, velit id pretium iaculis, diam erat fermentum justo, nec condimentum neque sapien placerat ante. Nulla justo.',3,'2023-07-29'),
	(73,30,25,'dictumst aliquam augue quam sollicitudin','Phasellus in felis. Donec semper sapien a libero. Nam dui.\n\nProin leo odio, porttitor id, consequat in, consequat ut, nulla. Sed accumsan felis. Ut at dolor quis odio consequat varius.\n\nInteger ac leo. Pellentesque ultrices mattis odio. Donec vitae nisi.',NULL,'2023-02-21'),
	(74,28,24,'posuere cubilia curae nulla','Nullam sit amet turpis elementum ligula vehicula consequat. Morbi a ipsum. Integer a nibh.',13,'2024-01-23'),
	(75,4,1,'diam id ornare imperdiet','In quis justo. Maecenas rhoncus aliquam lacus. Morbi quis tortor id nulla ultrices aliquet.',NULL,NULL),
	(76,16,15,'a odio','',8,'2024-11-13'),
	(77,13,10,'ut nunc','',1,'2025-07-04'),
	(78,1,2,'ultrices phasellus id sapien in','Donec diam neque, vestibulum eget, vulputate ut, ultrices vel, augue. Vestibulum ante ipsum primis in faucibus orci luctus et ultrices posuere cubilia Curae; Donec pharetra, magna vestibulum aliquet ultrices, erat tortor sollicitudin mi, sit amet lobortis sapien sapien non mi. Integer ac neque.',2,'2024-06-20'),
	(79,21,21,'mus vivamus','Donec diam neque, vestibulum eget, vulputate ut, ultrices vel, augue. Vestibulum ante ipsum primis in faucibus orci luctus et ultrices posuere cubilia Curae; Donec pharetra, magna vestibulum aliquet ultrices, erat tortor sollicitudin mi, sit amet lobortis sapien sapien non mi. Integer ac neque.\n\nDuis bibendum. Morbi non quam nec dui luctus rutrum. Nulla tellus.\n\nIn sagittis dui vel nisl. Duis ac nibh. Fusce lacus purus, aliquet at, feugiat non, pretium quis, lectus.',2,'2024-09-19'),
	(80,29,25,'ipsum primis in faucibus orci','Morbi non lectus. Aliquam sit amet diam in magna bibendum imperdiet. Nullam orci pede, venenatis non, sodales sed, tincidunt eu, felis.\n\nFusce posuere felis sed lacus. Morbi sem mauris, laoreet ut, rhoncus aliquet, pulvinar sed, nisl. Nunc rhoncus dui vel sem.\n\nSed sagittis. Nam congue, risus semper porta volutpat, quam pede lobortis ligula, sit amet eleifend pede libero quis orci. Nullam molestie nibh in lectus.',NULL,NULL),
	(81,20,15,'orci nullam molestie','',NULL,NULL),
	(82,3,2,'turpis elementum ligula vehicula','Fusce consequat. Nulla nisl. Nunc nisl.\n\nDuis bibendum, felis sed interdum venenatis, turpis enim blandit mi, in porttitor pede justo eu massa. Donec dapibus. Duis at velit eu est congue elementum.',3,'2023-11-18'),
	(83,8,8,'vestibulum ante ipsum','',NULL,NULL),
	(84,26,25,'venenatis tristique fusce','',NULL,NULL),
	(85,29,25,'vehicula consequat morbi','Phasellus sit amet erat. Nulla tempus. Vivamus in felis eu sapien cursus vestibulum.\n\nProin eu mi. Nulla ac enim. In tempor, turpis nec euismod scelerisque, quam turpis adipiscing lorem, vitae mattis nibh ligula nec sem.\n\nDuis aliquam convallis nunc. Proin at turpis a pede posuere nonummy. Integer non velit.',2,'2025-05-21'),
	(86,20,17,'vulputate luctus cum sociis natoque','',3,'2022-07-25'),
	(87,16,18,'velit nec nisi vulputate nonummy','',NULL,NULL),
	(88,22,20,'in eleifend','In quis justo. Maecenas rhoncus aliquam lacus. Morbi quis tortor id nulla ultrices aliquet.',8,'2025-04-30'),
	(89,27,25,'neque aenean auctor gravida','Aenean lectus. Pellentesque eget nunc. Donec quis orci eget orci vehicula condimentum.\n\nCurabitur in libero ut massa volutpat convallis. Morbi odio odio, elementum eu, interdum eu, tincidunt in, leo. Maecenas pulvinar lobortis est.\n\nPhasellus sit amet erat. Nulla tempus. Vivamus in felis eu sapien cursus vestibulum.',2,'2024-12-18'),
	(90,10,7,'nisi volutpat eleifend donec ut','Donec diam neque, vestibulum eget, vulputate ut, ultrices vel, augue. Vestibulum ante ipsum primis in faucibus orci luctus et ultrices posuere cubilia Curae; Donec pharetra, magna vestibulum aliquet ultrices, erat tortor sollicitudin mi, sit amet lobortis sapien sapien non mi. Integer ac neque.\n\nDuis bibendum. Morbi non quam nec dui luctus rutrum. Nulla tellus.\n\nIn sagittis dui vel nisl. Duis ac nibh. Fusce lacus purus, aliquet at, feugiat non, pretium quis, lectus.',8,'2022-11-29'),
	(91,4,3,'quam pharetra magna','Vestibulum ac est lacinia nisi venenatis tristique. Fusce congue, diam id ornare imperdiet, sapien urna pretium nisl, ut volutpat sapien arcu sed augue. Aliquam erat volutpat.\n\nIn congue. Etiam justo. Etiam pretium iaculis justo.',NULL,NULL),
	(92,4,2,'interdum mauris non ligula pellentesque','',NULL,NULL),
	(93,13,10,'pulvinar lobortis est','Donec diam neque, vestibulum eget, vulputate ut, ultrices vel, augue. Vestibulum ante ipsum primis in faucibus orci luctus et ultrices posuere cubilia Curae; Donec pharetra, magna vestibulum aliquet ultrices, erat tortor sollicitudin mi, sit amet lobortis sapien sapien non mi. Integer ac neque.\n\nDuis bibendum. Morbi non quam nec dui luctus rutrum. Nulla tellus.',1,'2022-08-26'),
	(94,19,16,'justo lacinia eget tincidunt eget','Aenean fermentum. Donec ut mauris eget massa tempor convallis. Nulla neque libero, convallis eget, eleifend luctus, ultricies eu, nibh.',2,'2022-12-17'),
	(95,17,14,'risus auctor sed tristique','In hac habitasse platea dictumst. Etiam faucibus cursus urna. Ut tellus.\n\nNulla ut erat id mauris vulputate elementum. Nullam varius. Nulla facilisi.',13,'2022-12-07'),
	(96,1,1,'convallis morbi odio odio elementum','In quis justo. Maecenas rhoncus aliquam lacus. Morbi quis tortor id nulla ultrices aliquet.\n\nMaecenas leo odio, condimentum id, luctus nec, molestie sed, justo. Pellentesque viverra pede ac diam. Cras pellentesque volutpat dui.\n\nMaecenas tristique, est et tempus semper, est quam pharetra magna, ac consequat metus sapien ut nunc. Vestibulum ante ipsum primis in faucibus orci luctus et ultrices posuere cubilia Curae; Mauris viverra diam vitae quam. Suspendisse potenti.',2,'2025-05-12'),
	(97,18,15,'duis bibendum morbi non quam','Quisque porta volutpat erat. Quisque erat eros, viverra eget, congue eget, semper rutrum, nulla. Nunc purus.',3,'2024-04-17'),
	(98,19,17,'sit amet cursus id turpis','Fusce posuere felis sed lacus. Morbi sem mauris, laoreet ut, rhoncus aliquet, pulvinar sed, nisl. Nunc rhoncus dui vel sem.\n\nSed sagittis. Nam congue, risus semper porta volutpat, quam pede lobortis ligula, sit amet eleifend pede libero quis orci. Nullam molestie nibh in lectus.',3,'2025-07-01'),
	(99,3,3,'metus arcu adipiscing molestie','Praesent id massa id nisl venenatis lacinia. Aenean sit amet justo. Morbi ut odio.\n\nCras mi pede, malesuada in, imperdiet et, commodo vulputate, justo. In blandit ultrices enim. Lorem ipsum dolor sit amet, consectetuer adipiscing elit.',3,'2023-07-17'),
	(100,4,4,'amet','Proin interdum mauris non ligula pellentesque ultrices. Phasellus id sapien in sapien iaculis congue. Vivamus metus arcu, adipiscing molestie, hendrerit at, vulputate vitae, nisl.\n\nAenean lectus. Pellentesque eget nunc. Donec quis orci eget orci vehicula condimentum.',1,'2024-02-07'),
	(101,13,12,'ante ipsum primis','Maecenas tristique, est et tempus semper, est quam pharetra magna, ac consequat metus sapien ut nunc. Vestibulum ante ipsum primis in faucibus orci luctus et ultrices posuere cubilia Curae; Mauris viverra diam vitae quam. Suspendisse potenti.\n\nNullam porttitor lacus at turpis. Donec posuere metus vitae ipsum. Aliquam non mauris.\n\nMorbi non lectus. Aliquam sit amet diam in magna bibendum imperdiet. Nullam orci pede, venenatis non, sodales sed, tincidunt eu, felis.',3,'2025-03-12'),
	(102,20,16,'lobortis vel dapibus','Nullam sit amet turpis elementum ligula vehicula consequat. Morbi a ipsum. Integer a nibh.\n\nIn quis justo. Maecenas rhoncus aliquam lacus. Morbi quis tortor id nulla ultrices aliquet.',2,'2023-10-25'),
	(103,15,12,'felis sed interdum venenatis turpis','',NULL,NULL),
	(104,24,23,'gravida nisi at nibh','Duis aliquam convallis nunc. Proin at turpis a pede posuere nonummy. Integer non velit.\n\nDonec diam neque, vestibulum eget, vulputate ut, ultrices vel, augue. Vestibulum ante ipsum primis in faucibus orci luctus et ultrices posuere cubilia Curae; Donec pharetra, magna vestibulum aliquet ultrices, erat tortor sollicitudin mi, sit amet lobortis sapien sapien non mi. Integer ac neque.\n\nDuis bibendum. Morbi non quam nec dui luctus rutrum. Nulla tellus.',NULL,NULL),
	(105,5,1,'sem sed','Duis consequat dui nec nisi volutpat eleifend. Donec ut dolor. Morbi vel lectus in quam fringilla rhoncus.',5,'2025-03-05'),
	(106,29,24,'curae','',NULL,NULL),
	(107,18,16,'eget','Proin leo odio, porttitor id, consequat in, consequat ut, nulla. Sed accumsan felis. Ut at dolor quis odio consequat varius.\n\nInteger ac leo. Pellentesque ultrices mattis odio. Donec vitae nisi.\n\nNam ultrices, libero non mattis pulvinar, nulla pede ullamcorper augue, a suscipit nulla elit ac nulla. Sed vel enim sit amet nunc viverra dapibus. Nulla suscipit ligula in lacus.',NULL,NULL),
	(108,9,6,'libero nullam sit','Curabitur in libero ut massa volutpat convallis. Morbi odio odio, elementum eu, interdum eu, tincidunt in, leo. Maecenas pulvinar lobortis est.',2,'2024-03-26'),
	(109,28,24,'augue','Phasellus sit amet erat. Nulla tempus. Vivamus in felis eu sapien cursus vestibulum.\n\nProin eu mi. Nulla ac enim. In tempor, turpis nec euismod scelerisque, quam turpis adipiscing lorem, vitae mattis nibh ligula nec sem.\n\nDuis aliquam convallis nunc. Proin at turpis a pede posuere nonummy. Integer non velit.',13,'2025-04-08'),
	(110,7,6,'eu massa','Nullam sit amet turpis elementum ligula vehicula consequat. Morbi a ipsum. Integer a nibh.',NULL,NULL),
	(111,9,6,'vestibulum','In hac habitasse platea dictumst. Morbi vestibulum, velit id pretium iaculis, diam erat fermentum justo, nec condimentum neque sapien placerat ante. Nulla justo.\n\nAliquam quis turpis eget elit sodales scelerisque. Mauris sit amet eros. Suspendisse accumsan tortor quis turpis.',5,'2023-06-24'),
	(112,27,25,'sit amet consectetuer adipiscing elit','In quis justo. Maecenas rhoncus aliquam lacus. Morbi quis tortor id nulla ultrices aliquet.\n\nMaecenas leo odio, condimentum id, luctus nec, molestie sed, justo. Pellentesque viverra pede ac diam. Cras pellentesque volutpat dui.',5,'2025-03-19'),
	(113,22,20,'sed augue aliquam erat','Duis consequat dui nec nisi volutpat eleifend. Donec ut dolor. Morbi vel lectus in quam fringilla rhoncus.',13,'2022-10-20'),
	(114,23,21,'augue vel','Pellentesque at nulla. Suspendisse potenti. Cras in purus eu magna vulputate luctus.',13,'2025-01-14'),
	(115,25,22,'eleifend donec ut','In sagittis dui vel nisl. Duis ac nibh. Fusce lacus purus, aliquet at, feugiat non, pretium quis, lectus.\n\nSuspendisse potenti. In eleifend quam a odio. In hac habitasse platea dictumst.\n\nMaecenas ut massa quis augue luctus tincidunt. Nulla mollis molestie lorem. Quisque ut erat.',8,'2022-08-29'),
	(116,30,24,'phasellus','Lorem ipsum dolor sit amet, consectetuer adipiscing elit. Proin risus. Praesent lectus.\n\nVestibulum quam sapien, varius ut, blandit non, interdum in, ante. Vestibulum ante ipsum primis in faucibus orci luctus et ultrices posuere cubilia Curae; Duis faucibus accumsan odio. Curabitur convallis.',2,'2025-01-12'),
	(117,12,9,'eget','Duis bibendum, felis sed interdum venenatis, turpis enim blandit mi, in porttitor pede justo eu massa. Donec dapibus. Duis at velit eu est congue elementum.\n\nIn hac habitasse platea dictumst. Morbi vestibulum, velit id pretium iaculis, diam erat fermentum justo, nec condimentum neque sapien placerat ante. Nulla justo.',5,NULL),
	(118,5,1,'blandit mi in porttitor','In congue. Etiam justo. Etiam pretium iaculis justo.\n\nIn hac habitasse platea dictumst. Etiam faucibus cursus urna. Ut tellus.',1,'2023-01-21'),
	(119,6,5,'sem praesent id','',NULL,NULL),
	(120,28,24,'sem fusce','Curabitur in libero ut massa volutpat convallis. Morbi odio odio, elementum eu, interdum eu, tincidunt in, leo. Maecenas pulvinar lobortis est.\n\nPhasellus sit amet erat. Nulla tempus. Vivamus in felis eu sapien cursus vestibulum.\n\nProin eu mi. Nulla ac enim. In tempor, turpis nec euismod scelerisque, quam turpis adipiscing lorem, vitae mattis nibh ligula nec sem.',NULL,NULL),
	(121,9,8,'curae mauris viverra','Pellentesque at nulla. Suspendisse potenti. Cras in purus eu magna vulputate luctus.\n\nCum sociis natoque penatibus et magnis dis parturient montes, nascetur ridiculus mus. Vivamus vestibulum sagittis sapien. Cum sociis natoque penatibus et magnis dis parturient montes, nascetur ridiculus mus.\n\nEtiam vel augue. Vestibulum rutrum rutrum neque. Aenean auctor gravida sem.',NULL,NULL),
	(122,8,7,'et ultrices posuere','',8,NULL),
	(123,15,12,'curabitur at ipsum ac','Lorem ipsum dolor sit amet, consectetuer adipiscing elit. Proin risus. Praesent lectus.\n\nVestibulum quam sapien, varius ut, blandit non, interdum in, ante. Vestibulum ante ipsum primis in faucibus orci luctus et ultrices posuere cubilia Curae; Duis faucibus accumsan odio. Curabitur convallis.\n\nDuis consequat dui nec nisi volutpat eleifend. Donec ut dolor. Morbi vel lectus in quam fringilla rhoncus.',NULL,NULL),
	(124,2,3,'sem','Fusce posuere felis sed lacus. Morbi sem mauris, laoreet ut, rhoncus aliquet, pulvinar sed, nisl. Nunc rhoncus dui vel sem.',NULL,NULL),
	(125,7,7,'consequat','Duis bibendum. Morbi non quam nec dui luctus rutrum. Nulla tellus.',2,'2023-08-19'),
	(126,28,25,'iaculis congue vivamus metus','In sagittis dui vel nisl. Duis ac nibh. Fusce lacus purus, aliquet at, feugiat non, pretium quis, lectus.',NULL,NULL),
	(127,17,18,'fermentum justo nec condimentum neque','Maecenas leo odio, condimentum id, luctus nec, molestie sed, justo. Pellentesque viverra pede ac diam. Cras pellentesque volutpat dui.\n\nMaecenas tristique, est et tempus semper, est quam pharetra magna, ac consequat metus sapien ut nunc. Vestibulum ante ipsum primis in faucibus orci luctus et ultrices posuere cubilia Curae; Mauris viverra diam vitae quam. Suspendisse potenti.',NULL,NULL),
	(128,10,5,'in hac habitasse','Donec diam neque, vestibulum eget, vulputate ut, ultrices vel, augue. Vestibulum ante ipsum primis in faucibus orci luctus et ultrices posuere cubilia Curae; Donec pharetra, magna vestibulum aliquet ultrices, erat tortor sollicitudin mi, sit amet lobortis sapien sapien non mi. Integer ac neque.\n\nDuis bibendum. Morbi non quam nec dui luctus rutrum. Nulla tellus.',13,'2022-10-25'),
	(129,3,3,'neque','Lorem ipsum dolor sit amet, consectetuer adipiscing elit. Proin risus. Praesent lectus.\n\nVestibulum quam sapien, varius ut, blandit non, interdum in, ante. Vestibulum ante ipsum primis in faucibus orci luctus et ultrices posuere cubilia Curae; Duis faucibus accumsan odio. Curabitur convallis.',13,'2024-07-29'),
	(130,19,14,'interdum mauris non','In quis justo. Maecenas rhoncus aliquam lacus. Morbi quis tortor id nulla ultrices aliquet.',NULL,NULL),
	(131,22,23,'odio cras mi','Aenean fermentum. Donec ut mauris eget massa tempor convallis. Nulla neque libero, convallis eget, eleifend luctus, ultricies eu, nibh.',5,'2024-03-15'),
	(132,6,8,'turpis a pede posuere','Maecenas leo odio, condimentum id, luctus nec, molestie sed, justo. Pellentesque viverra pede ac diam. Cras pellentesque volutpat dui.\n\nMaecenas tristique, est et tempus semper, est quam pharetra magna, ac consequat metus sapien ut nunc. Vestibulum ante ipsum primis in faucibus orci luctus et ultrices posuere cubilia Curae; Mauris viverra diam vitae quam. Suspendisse potenti.',5,'2024-02-08'),
	(133,19,18,'sed vestibulum','In quis justo. Maecenas rhoncus aliquam lacus. Morbi quis tortor id nulla ultrices aliquet.\n\nMaecenas leo odio, condimentum id, luctus nec, molestie sed, justo. Pellentesque viverra pede ac diam. Cras pellentesque volutpat dui.\n\nMaecenas tristique, est et tempus semper, est quam pharetra magna, ac consequat metus sapien ut nunc. Vestibulum ante ipsum primis in faucibus orci luctus et ultrices posuere cubilia Curae; Mauris viverra diam vitae quam. Suspendisse potenti.',13,'2023-05-30'),
	(134,26,24,'integer aliquet massa','',3,'2024-11-08'),
	(135,4,4,'sollicitudin mi sit amet lobortis','',NULL,NULL),
	(136,4,2,'posuere cubilia curae','Aliquam quis turpis eget elit sodales scelerisque. Mauris sit amet eros. Suspendisse accumsan tortor quis turpis.\n\nSed ante. Vivamus tortor. Duis mattis egestas metus.',NULL,NULL),
	(137,11,12,'gravida nisi at nibh in','In sagittis dui vel nisl. Duis ac nibh. Fusce lacus purus, aliquet at, feugiat non, pretium quis, lectus.\n\nSuspendisse potenti. In eleifend quam a odio. In hac habitasse platea dictumst.',NULL,NULL),
	(138,15,10,'nec','Proin interdum mauris non ligula pellentesque ultrices. Phasellus id sapien in sapien iaculis congue. Vivamus metus arcu, adipiscing molestie, hendrerit at, vulputate vitae, nisl.',2,'2023-12-11'),
	(139,2,2,'in sapien iaculis congue vivamus','Lorem ipsum dolor sit amet, consectetuer adipiscing elit. Proin risus. Praesent lectus.\n\nVestibulum quam sapien, varius ut, blandit non, interdum in, ante. Vestibulum ante ipsum primis in faucibus orci luctus et ultrices posuere cubilia Curae; Duis faucibus accumsan odio. Curabitur convallis.\n\nDuis consequat dui nec nisi volutpat eleifend. Donec ut dolor. Morbi vel lectus in quam fringilla rhoncus.',NULL,NULL),
	(140,23,23,'nisi','Suspendisse potenti. In eleifend quam a odio. In hac habitasse platea dictumst.\n\nMaecenas ut massa quis augue luctus tincidunt. Nulla mollis molestie lorem. Quisque ut erat.',5,'2023-08-01'),
	(141,14,9,'a pede','Quisque porta volutpat erat. Quisque erat eros, viverra eget, congue eget, semper rutrum, nulla. Nunc purus.',3,NULL),
	(142,8,7,'in porttitor pede','Sed ante. Vivamus tortor. Duis mattis egestas metus.\n\nAenean fermentum. Donec ut mauris eget massa tempor convallis. Nulla neque libero, convallis eget, eleifend luctus, ultricies eu, nibh.\n\nQuisque id justo sit amet sapien dignissim vestibulum. Vestibulum ante ipsum primis in faucibus orci luctus et ultrices posuere cubilia Curae; Nulla dapibus dolor vel est. Donec odio justo, sollicitudin ut, suscipit a, feugiat et, eros.',NULL,NULL),
	(143,28,24,'elementum pellentesque','Vestibulum ac est lacinia nisi venenatis tristique. Fusce congue, diam id ornare imperdiet, sapien urna pretium nisl, ut volutpat sapien arcu sed augue. Aliquam erat volutpat.\n\nIn congue. Etiam justo. Etiam pretium iaculis justo.\n\nIn hac habitasse platea dictumst. Etiam faucibus cursus urna. Ut tellus.',2,'2023-09-14'),
	(144,20,14,'est et','Nulla ut erat id mauris vulputate elementum. Nullam varius. Nulla facilisi.',NULL,NULL),
	(145,17,17,'ante vivamus tortor duis','Proin interdum mauris non ligula pellentesque ultrices. Phasellus id sapien in sapien iaculis congue. Vivamus metus arcu, adipiscing molestie, hendrerit at, vulputate vitae, nisl.',NULL,NULL),
	(146,1,3,'pulvinar lobortis est phasellus','Praesent id massa id nisl venenatis lacinia. Aenean sit amet justo. Morbi ut odio.',NULL,NULL),
	(147,23,20,'nullam sit amet','Cras mi pede, malesuada in, imperdiet et, commodo vulputate, justo. In blandit ultrices enim. Lorem ipsum dolor sit amet, consectetuer adipiscing elit.',2,NULL),
	(148,21,22,'est lacinia','Phasellus sit amet erat. Nulla tempus. Vivamus in felis eu sapien cursus vestibulum.\n\nProin eu mi. Nulla ac enim. In tempor, turpis nec euismod scelerisque, quam turpis adipiscing lorem, vitae mattis nibh ligula nec sem.\n\nDuis aliquam convallis nunc. Proin at turpis a pede posuere nonummy. Integer non velit.',1,'2025-04-26'),
	(149,12,11,'fusce consequat nulla nisl','Quisque porta volutpat erat. Quisque erat eros, viverra eget, congue eget, semper rutrum, nulla. Nunc purus.\n\nPhasellus in felis. Donec semper sapien a libero. Nam dui.',2,'2023-06-07'),
	(150,6,6,'odio odio','Sed ante. Vivamus tortor. Duis mattis egestas metus.\n\nAenean fermentum. Donec ut mauris eget massa tempor convallis. Nulla neque libero, convallis eget, eleifend luctus, ultricies eu, nibh.',2,'2022-10-14'),
	(151,5,1,'amet','',3,'2023-09-16'),
	(152,1,3,'in','Sed ante. Vivamus tortor. Duis mattis egestas metus.\n\nAenean fermentum. Donec ut mauris eget massa tempor convallis. Nulla neque libero, convallis eget, eleifend luctus, ultricies eu, nibh.',5,'2023-08-03'),
	(153,9,8,'ut volutpat sapien','Phasellus sit amet erat. Nulla tempus. Vivamus in felis eu sapien cursus vestibulum.\n\nProin eu mi. Nulla ac enim. In tempor, turpis nec euismod scelerisque, quam turpis adipiscing lorem, vitae mattis nibh ligula nec sem.\n\nDuis aliquam convallis nunc. Proin at turpis a pede posuere nonummy. Integer non velit.',5,'2024-01-13'),
	(154,1,1,'faucibus','Integer tincidunt ante vel ipsum. Praesent blandit lacinia erat. Vestibulum sed magna at nunc commodo placerat.\n\nPraesent blandit. Nam nulla. Integer pede justo, lacinia eget, tincidunt eget, tempus vel, pede.\n\nMorbi porttitor lorem id ligula. Suspendisse ornare consequat lectus. In est risus, auctor sed, tristique in, tempus sit amet, sem.',NULL,NULL),
	(155,1,3,'vitae nisi nam','Proin eu mi. Nulla ac enim. In tempor, turpis nec euismod scelerisque, quam turpis adipiscing lorem, vitae mattis nibh ligula nec sem.\n\nDuis aliquam convallis nunc. Proin at turpis a pede posuere nonummy. Integer non velit.\n\nDonec diam neque, vestibulum eget, vulputate ut, ultrices vel, augue. Vestibulum ante ipsum primis in faucibus orci luctus et ultrices posuere cubilia Curae; Donec pharetra, magna vestibulum aliquet ultrices, erat tortor sollicitudin mi, sit amet lobortis sapien sapien non mi. Integer ac neque.',NULL,NULL),
	(156,8,5,'eu pede','Integer ac leo. Pellentesque ultrices mattis odio. Donec vitae nisi.',1,'2023-09-06'),
	(157,25,22,'nulla sed vel','Duis bibendum, felis sed interdum venenatis, turpis enim blandit mi, in porttitor pede justo eu massa. Donec dapibus. Duis at velit eu est congue elementum.\n\nIn hac habitasse platea dictumst. Morbi vestibulum, velit id pretium iaculis, diam erat fermentum justo, nec condimentum neque sapien placerat ante. Nulla justo.\n\nAliquam quis turpis eget elit sodales scelerisque. Mauris sit amet eros. Suspendisse accumsan tortor quis turpis.',3,'2025-04-19'),
	(158,27,25,'morbi porttitor lorem id ligula','Nullam porttitor lacus at turpis. Donec posuere metus vitae ipsum. Aliquam non mauris.',1,'2024-11-18'),
	(159,28,24,'potenti in eleifend quam a','',8,'2025-06-27'),
	(161,2,4,'erat tortor sollicitudin','Quisque porta volutpat erat. Quisque erat eros, viverra eget, congue eget, semper rutrum, nulla. Nunc purus.',8,'2024-02-27'),
	(164,28,24,'congue risus semper porta volutpat','Integer tincidunt ante vel ipsum. Praesent blandit lacinia erat. Vestibulum sed magna at nunc commodo placerat.',1,'2024-05-02'),
	(165,7,8,'nulla ac','Aliquam quis turpis eget elit sodales scelerisque. Mauris sit amet eros. Suspendisse accumsan tortor quis turpis.',1,'2024-11-14'),
	(166,16,16,'massa id nisl venenatis lacinia','',1,'2024-04-27'),
	(168,3,4,'erat','Cum sociis natoque penatibus et magnis dis parturient montes, nascetur ridiculus mus. Vivamus vestibulum sagittis sapien. Cum sociis natoque penatibus et magnis dis parturient montes, nascetur ridiculus mus.\n\nEtiam vel augue. Vestibulum rutrum rutrum neque. Aenean auctor gravida sem.',13,'2025-01-06'),
	(170,24,20,'in','Duis consequat dui nec nisi volutpat eleifend. Donec ut dolor. Morbi vel lectus in quam fringilla rhoncus.\n\nMauris enim leo, rhoncus sed, vestibulum sit amet, cursus id, turpis. Integer aliquet, massa id lobortis convallis, tortor risus dapibus augue, vel accumsan tellus nisi eu orci. Mauris lacinia sapien quis libero.',5,'2023-08-05'),
	(171,5,1,'curabitur gravida nisi at nibh','Pellentesque at nulla. Suspendisse potenti. Cras in purus eu magna vulputate luctus.\n\nCum sociis natoque penatibus et magnis dis parturient montes, nascetur ridiculus mus. Vivamus vestibulum sagittis sapien. Cum sociis natoque penatibus et magnis dis parturient montes, nascetur ridiculus mus.',8,'2024-09-13'),
	(174,3,3,'in leo maecenas pulvinar lobortis','Suspendisse potenti. In eleifend quam a odio. In hac habitasse platea dictumst.\n\nMaecenas ut massa quis augue luctus tincidunt. Nulla mollis molestie lorem. Quisque ut erat.',3,'2025-01-09'),
	(176,20,14,'maecenas ut massa','Sed ante. Vivamus tortor. Duis mattis egestas metus.\n\nAenean fermentum. Donec ut mauris eget massa tempor convallis. Nulla neque libero, convallis eget, eleifend luctus, ultricies eu, nibh.',2,'2024-04-09'),
	(177,27,24,'ut','Aenean fermentum. Donec ut mauris eget massa tempor convallis. Nulla neque libero, convallis eget, eleifend luctus, ultricies eu, nibh.\n\nQuisque id justo sit amet sapien dignissim vestibulum. Vestibulum ante ipsum primis in faucibus orci luctus et ultrices posuere cubilia Curae; Nulla dapibus dolor vel est. Donec odio justo, sollicitudin ut, suscipit a, feugiat et, eros.\n\nVestibulum ac est lacinia nisi venenatis tristique. Fusce congue, diam id ornare imperdiet, sapien urna pretium nisl, ut volutpat sapien arcu sed augue. Aliquam erat volutpat.',2,'2025-04-08'),
	(178,24,20,'ut','',8,'2024-09-18'),
	(180,8,5,'id massa','Aliquam quis turpis eget elit sodales scelerisque. Mauris sit amet eros. Suspendisse accumsan tortor quis turpis.\n\nSed ante. Vivamus tortor. Duis mattis egestas metus.',1,'2024-01-14'),
	(181,17,14,'nulla dapibus','Cras mi pede, malesuada in, imperdiet et, commodo vulputate, justo. In blandit ultrices enim. Lorem ipsum dolor sit amet, consectetuer adipiscing elit.\n\nProin interdum mauris non ligula pellentesque ultrices. Phasellus id sapien in sapien iaculis congue. Vivamus metus arcu, adipiscing molestie, hendrerit at, vulputate vitae, nisl.',5,'2023-09-16'),
	(184,1,4,'nulla neque libero convallis','Curabitur in libero ut massa volutpat convallis. Morbi odio odio, elementum eu, interdum eu, tincidunt in, leo. Maecenas pulvinar lobortis est.',1,'2022-11-15'),
	(185,18,16,'libero quis','Cum sociis natoque penatibus et magnis dis parturient montes, nascetur ridiculus mus. Vivamus vestibulum sagittis sapien. Cum sociis natoque penatibus et magnis dis parturient montes, nascetur ridiculus mus.',2,'2023-11-07'),
	(186,15,9,'nam nulla integer','Cum sociis natoque penatibus et magnis dis parturient montes, nascetur ridiculus mus. Vivamus vestibulum sagittis sapien. Cum sociis natoque penatibus et magnis dis parturient montes, nascetur ridiculus mus.\n\nEtiam vel augue. Vestibulum rutrum rutrum neque. Aenean auctor gravida sem.\n\nPraesent id massa id nisl venenatis lacinia. Aenean sit amet justo. Morbi ut odio.',5,'2024-07-31'),
	(189,5,1,'libero','Integer ac leo. Pellentesque ultrices mattis odio. Donec vitae nisi.',13,'2023-03-12'),
	(190,30,25,'placerat praesent blandit nam nulla','',13,'2023-11-18'),
	(191,23,23,'sagittis sapien cum','Suspendisse potenti. In eleifend quam a odio. In hac habitasse platea dictumst.',3,'2023-03-01'),
	(192,7,8,'at feugiat','Morbi porttitor lorem id ligula. Suspendisse ornare consequat lectus. In est risus, auctor sed, tristique in, tempus sit amet, sem.',NULL,NULL),
	(193,2,2,'lectus','Vestibulum ac est lacinia nisi venenatis tristique. Fusce congue, diam id ornare imperdiet, sapien urna pretium nisl, ut volutpat sapien arcu sed augue. Aliquam erat volutpat.',NULL,NULL),
	(194,27,24,'rutrum','',3,'2023-07-02'),
	(195,20,18,'nulla','In quis justo. Maecenas rhoncus aliquam lacus. Morbi quis tortor id nulla ultrices aliquet.',NULL,'2022-12-15'),
	(196,23,20,'leo rhoncus sed vestibulum','',5,'2025-03-06'),
	(197,3,1,'augue luctus tincidunt nulla','Maecenas leo odio, condimentum id, luctus nec, molestie sed, justo. Pellentesque viverra pede ac diam. Cras pellentesque volutpat dui.\n\nMaecenas tristique, est et tempus semper, est quam pharetra magna, ac consequat metus sapien ut nunc. Vestibulum ante ipsum primis in faucibus orci luctus et ultrices posuere cubilia Curae; Mauris viverra diam vitae quam. Suspendisse potenti.\n\nNullam porttitor lacus at turpis. Donec posuere metus vitae ipsum. Aliquam non mauris.',NULL,'2023-02-28'),
	(198,24,22,'odio','',NULL,NULL),
	(199,7,7,'ligula nec sem','',13,'2024-09-29'),
	(200,22,23,'turpis a pede posuere nonummy','',3,'2023-07-05'),
	(201,8,6,'nulla ac','',2,'2022-11-25'),
	(202,15,9,'nisi nam ultrices','Praesent id massa id nisl venenatis lacinia. Aenean sit amet justo. Morbi ut odio.\n\nCras mi pede, malesuada in, imperdiet et, commodo vulputate, justo. In blandit ultrices enim. Lorem ipsum dolor sit amet, consectetuer adipiscing elit.\n\nProin interdum mauris non ligula pellentesque ultrices. Phasellus id sapien in sapien iaculis congue. Vivamus metus arcu, adipiscing molestie, hendrerit at, vulputate vitae, nisl.',NULL,NULL),
	(203,28,25,'pretium iaculis justo','Fusce posuere felis sed lacus. Morbi sem mauris, laoreet ut, rhoncus aliquet, pulvinar sed, nisl. Nunc rhoncus dui vel sem.\n\nSed sagittis. Nam congue, risus semper porta volutpat, quam pede lobortis ligula, sit amet eleifend pede libero quis orci. Nullam molestie nibh in lectus.',3,'2024-07-03'),
	(204,25,22,'in','',13,'2024-03-23'),
	(205,22,22,'convallis morbi odio odio','In congue. Etiam justo. Etiam pretium iaculis justo.\n\nIn hac habitasse platea dictumst. Etiam faucibus cursus urna. Ut tellus.\n\nNulla ut erat id mauris vulputate elementum. Nullam varius. Nulla facilisi.',8,'2025-06-02'),
	(206,11,12,'eget tincidunt eget','Mauris enim leo, rhoncus sed, vestibulum sit amet, cursus id, turpis. Integer aliquet, massa id lobortis convallis, tortor risus dapibus augue, vel accumsan tellus nisi eu orci. Mauris lacinia sapien quis libero.\n\nNullam sit amet turpis elementum ligula vehicula consequat. Morbi a ipsum. Integer a nibh.',1,'2024-01-06'),
	(207,15,10,'mauris laoreet ut rhoncus aliquet','Aliquam quis turpis eget elit sodales scelerisque. Mauris sit amet eros. Suspendisse accumsan tortor quis turpis.\n\nSed ante. Vivamus tortor. Duis mattis egestas metus.',1,'2024-02-08'),
	(208,20,17,'ante vel','',NULL,NULL),
	(209,20,15,'mauris laoreet ut rhoncus aliquet','Suspendisse potenti. In eleifend quam a odio. In hac habitasse platea dictumst.',NULL,NULL),
	(210,25,22,'commodo vulputate justo in blandit','Maecenas tristique, est et tempus semper, est quam pharetra magna, ac consequat metus sapien ut nunc. Vestibulum ante ipsum primis in faucibus orci luctus et ultrices posuere cubilia Curae; Mauris viverra diam vitae quam. Suspendisse potenti.',3,'2023-09-18'),
	(211,29,24,'ipsum primis in faucibus','Quisque id justo sit amet sapien dignissim vestibulum. Vestibulum ante ipsum primis in faucibus orci luctus et ultrices posuere cubilia Curae; Nulla dapibus dolor vel est. Donec odio justo, sollicitudin ut, suscipit a, feugiat et, eros.\n\nVestibulum ac est lacinia nisi venenatis tristique. Fusce congue, diam id ornare imperdiet, sapien urna pretium nisl, ut volutpat sapien arcu sed augue. Aliquam erat volutpat.',NULL,'2023-04-12'),
	(212,14,12,'orci luctus et','Curabitur in libero ut massa volutpat convallis. Morbi odio odio, elementum eu, interdum eu, tincidunt in, leo. Maecenas pulvinar lobortis est.',1,'2024-12-13'),
	(213,25,20,'amet nunc viverra dapibus nulla','Maecenas tristique, est et tempus semper, est quam pharetra magna, ac consequat metus sapien ut nunc. Vestibulum ante ipsum primis in faucibus orci luctus et ultrices posuere cubilia Curae; Mauris viverra diam vitae quam. Suspendisse potenti.\n\nNullam porttitor lacus at turpis. Donec posuere metus vitae ipsum. Aliquam non mauris.\n\nMorbi non lectus. Aliquam sit amet diam in magna bibendum imperdiet. Nullam orci pede, venenatis non, sodales sed, tincidunt eu, felis.',NULL,NULL),
	(214,1,1,'quam sollicitudin vitae','',NULL,NULL),
	(215,15,9,'commodo vulputate justo in','Maecenas leo odio, condimentum id, luctus nec, molestie sed, justo. Pellentesque viverra pede ac diam. Cras pellentesque volutpat dui.\n\nMaecenas tristique, est et tempus semper, est quam pharetra magna, ac consequat metus sapien ut nunc. Vestibulum ante ipsum primis in faucibus orci luctus et ultrices posuere cubilia Curae; Mauris viverra diam vitae quam. Suspendisse potenti.',1,'2022-09-07'),
	(216,2,3,'a ipsum integer a','',NULL,NULL),
	(217,25,20,'erat id mauris vulputate elementum','',1,'2024-10-10'),
	(218,7,5,'luctus','In hac habitasse platea dictumst. Etiam faucibus cursus urna. Ut tellus.',13,'2023-03-14'),
	(219,24,22,'sit amet','',NULL,NULL),
	(220,28,24,'vitae','In hac habitasse platea dictumst. Etiam faucibus cursus urna. Ut tellus.\n\nNulla ut erat id mauris vulputate elementum. Nullam varius. Nulla facilisi.',2,'2023-11-28'),
	(221,30,24,'suscipit ligula in lacus curabitur','Proin eu mi. Nulla ac enim. In tempor, turpis nec euismod scelerisque, quam turpis adipiscing lorem, vitae mattis nibh ligula nec sem.\n\nDuis aliquam convallis nunc. Proin at turpis a pede posuere nonummy. Integer non velit.',5,'2024-08-26'),
	(222,16,14,'ornare consequat lectus in','',1,'2024-09-10'),
	(223,12,11,'ac tellus semper interdum','Fusce posuere felis sed lacus. Morbi sem mauris, laoreet ut, rhoncus aliquet, pulvinar sed, nisl. Nunc rhoncus dui vel sem.\n\nSed sagittis. Nam congue, risus semper porta volutpat, quam pede lobortis ligula, sit amet eleifend pede libero quis orci. Nullam molestie nibh in lectus.',2,'2024-07-21'),
	(224,20,17,'id justo sit','Maecenas ut massa quis augue luctus tincidunt. Nulla mollis molestie lorem. Quisque ut erat.',3,'2024-03-22'),
	(226,25,21,'nulla nunc','Integer tincidunt ante vel ipsum. Praesent blandit lacinia erat. Vestibulum sed magna at nunc commodo placerat.\n\nPraesent blandit. Nam nulla. Integer pede justo, lacinia eget, tincidunt eget, tempus vel, pede.',1,'2024-12-30'),
	(227,28,24,'ipsum dolor','Proin leo odio, porttitor id, consequat in, consequat ut, nulla. Sed accumsan felis. Ut at dolor quis odio consequat varius.\n\nInteger ac leo. Pellentesque ultrices mattis odio. Donec vitae nisi.\n\nNam ultrices, libero non mattis pulvinar, nulla pede ullamcorper augue, a suscipit nulla elit ac nulla. Sed vel enim sit amet nunc viverra dapibus. Nulla suscipit ligula in lacus.',5,'2023-12-14'),
	(228,23,22,'faucibus accumsan odio curabitur convallis','Mauris enim leo, rhoncus sed, vestibulum sit amet, cursus id, turpis. Integer aliquet, massa id lobortis convallis, tortor risus dapibus augue, vel accumsan tellus nisi eu orci. Mauris lacinia sapien quis libero.\n\nNullam sit amet turpis elementum ligula vehicula consequat. Morbi a ipsum. Integer a nibh.',NULL,NULL),
	(229,27,24,'morbi non','',NULL,NULL),
	(230,22,20,'orci mauris','Morbi non lectus. Aliquam sit amet diam in magna bibendum imperdiet. Nullam orci pede, venenatis non, sodales sed, tincidunt eu, felis.\n\nFusce posuere felis sed lacus. Morbi sem mauris, laoreet ut, rhoncus aliquet, pulvinar sed, nisl. Nunc rhoncus dui vel sem.',NULL,NULL),
	(231,13,12,'enim lorem','Proin eu mi. Nulla ac enim. In tempor, turpis nec euismod scelerisque, quam turpis adipiscing lorem, vitae mattis nibh ligula nec sem.\n\nDuis aliquam convallis nunc. Proin at turpis a pede posuere nonummy. Integer non velit.',1,'2024-10-11'),
	(232,20,18,'lectus','Phasellus sit amet erat. Nulla tempus. Vivamus in felis eu sapien cursus vestibulum.\n\nProin eu mi. Nulla ac enim. In tempor, turpis nec euismod scelerisque, quam turpis adipiscing lorem, vitae mattis nibh ligula nec sem.',8,'2025-02-21'),
	(233,14,9,'lectus in','',5,'2024-08-15'),
	(234,30,25,'amet','Curabitur in libero ut massa volutpat convallis. Morbi odio odio, elementum eu, interdum eu, tincidunt in, leo. Maecenas pulvinar lobortis est.\n\nPhasellus sit amet erat. Nulla tempus. Vivamus in felis eu sapien cursus vestibulum.',NULL,NULL),
	(235,4,2,'vel enim sit amet','Morbi porttitor lorem id ligula. Suspendisse ornare consequat lectus. In est risus, auctor sed, tristique in, tempus sit amet, sem.\n\nFusce consequat. Nulla nisl. Nunc nisl.\n\nDuis bibendum, felis sed interdum venenatis, turpis enim blandit mi, in porttitor pede justo eu massa. Donec dapibus. Duis at velit eu est congue elementum.',2,'2023-08-02'),
	(236,4,3,'curabitur in libero ut','Phasellus sit amet erat. Nulla tempus. Vivamus in felis eu sapien cursus vestibulum.\n\nProin eu mi. Nulla ac enim. In tempor, turpis nec euismod scelerisque, quam turpis adipiscing lorem, vitae mattis nibh ligula nec sem.',NULL,NULL),
	(237,17,17,'in ante','',NULL,NULL),
	(238,4,3,'lorem id','Cum sociis natoque penatibus et magnis dis parturient montes, nascetur ridiculus mus. Vivamus vestibulum sagittis sapien. Cum sociis natoque penatibus et magnis dis parturient montes, nascetur ridiculus mus.',3,'2022-08-26'),
	(239,27,24,'vel','Proin interdum mauris non ligula pellentesque ultrices. Phasellus id sapien in sapien iaculis congue. Vivamus metus arcu, adipiscing molestie, hendrerit at, vulputate vitae, nisl.\n\nAenean lectus. Pellentesque eget nunc. Donec quis orci eget orci vehicula condimentum.',NULL,NULL),
	(240,14,10,'nisi eu orci mauris lacinia','Maecenas tristique, est et tempus semper, est quam pharetra magna, ac consequat metus sapien ut nunc. Vestibulum ante ipsum primis in faucibus orci luctus et ultrices posuere cubilia Curae; Mauris viverra diam vitae quam. Suspendisse potenti.\n\nNullam porttitor lacus at turpis. Donec posuere metus vitae ipsum. Aliquam non mauris.\n\nMorbi non lectus. Aliquam sit amet diam in magna bibendum imperdiet. Nullam orci pede, venenatis non, sodales sed, tincidunt eu, felis.',NULL,NULL),
	(241,26,25,'platea dictumst etiam faucibus cursus','Phasellus sit amet erat. Nulla tempus. Vivamus in felis eu sapien cursus vestibulum.\n\nProin eu mi. Nulla ac enim. In tempor, turpis nec euismod scelerisque, quam turpis adipiscing lorem, vitae mattis nibh ligula nec sem.',8,'2023-03-14'),
	(242,25,23,'rhoncus aliquet pulvinar','Vestibulum quam sapien, varius ut, blandit non, interdum in, ante. Vestibulum ante ipsum primis in faucibus orci luctus et ultrices posuere cubilia Curae; Duis faucibus accumsan odio. Curabitur convallis.\n\nDuis consequat dui nec nisi volutpat eleifend. Donec ut dolor. Morbi vel lectus in quam fringilla rhoncus.',NULL,NULL),
	(243,11,11,'hac habitasse platea dictumst','Sed ante. Vivamus tortor. Duis mattis egestas metus.\n\nAenean fermentum. Donec ut mauris eget massa tempor convallis. Nulla neque libero, convallis eget, eleifend luctus, ultricies eu, nibh.',NULL,NULL),
	(244,25,22,'nisl','',13,'2024-06-23'),
	(245,9,5,'quis','Mauris enim leo, rhoncus sed, vestibulum sit amet, cursus id, turpis. Integer aliquet, massa id lobortis convallis, tortor risus dapibus augue, vel accumsan tellus nisi eu orci. Mauris lacinia sapien quis libero.\n\nNullam sit amet turpis elementum ligula vehicula consequat. Morbi a ipsum. Integer a nibh.',1,NULL),
	(246,23,20,'elit','Morbi non lectus. Aliquam sit amet diam in magna bibendum imperdiet. Nullam orci pede, venenatis non, sodales sed, tincidunt eu, felis.\n\nFusce posuere felis sed lacus. Morbi sem mauris, laoreet ut, rhoncus aliquet, pulvinar sed, nisl. Nunc rhoncus dui vel sem.\n\nSed sagittis. Nam congue, risus semper porta volutpat, quam pede lobortis ligula, sit amet eleifend pede libero quis orci. Nullam molestie nibh in lectus.',5,'2024-06-14'),
	(247,2,1,'luctus cum sociis natoque','Integer tincidunt ante vel ipsum. Praesent blandit lacinia erat. Vestibulum sed magna at nunc commodo placerat.\n\nPraesent blandit. Nam nulla. Integer pede justo, lacinia eget, tincidunt eget, tempus vel, pede.\n\nMorbi porttitor lorem id ligula. Suspendisse ornare consequat lectus. In est risus, auctor sed, tristique in, tempus sit amet, sem.',NULL,NULL),
	(248,13,10,'augue vel accumsan','Morbi porttitor lorem id ligula. Suspendisse ornare consequat lectus. In est risus, auctor sed, tristique in, tempus sit amet, sem.\n\nFusce consequat. Nulla nisl. Nunc nisl.',2,'2023-10-31'),
	(249,27,25,'eu interdum eu tincidunt','Cum sociis natoque penatibus et magnis dis parturient montes, nascetur ridiculus mus. Vivamus vestibulum sagittis sapien. Cum sociis natoque penatibus et magnis dis parturient montes, nascetur ridiculus mus.\n\nEtiam vel augue. Vestibulum rutrum rutrum neque. Aenean auctor gravida sem.\n\nPraesent id massa id nisl venenatis lacinia. Aenean sit amet justo. Morbi ut odio.',NULL,NULL),
	(250,1,4,'dapibus','Duis bibendum. Morbi non quam nec dui luctus rutrum. Nulla tellus.',1,'2022-11-24'),
	(251,26,24,'vitae ipsum aliquam non mauris','Duis consequat dui nec nisi volutpat eleifend. Donec ut dolor. Morbi vel lectus in quam fringilla rhoncus.',NULL,'2022-09-26'),
	(252,14,12,'posuere cubilia curae mauris viverra','',8,'2024-02-03'),
	(253,8,7,'vulputate','Pellentesque at nulla. Suspendisse potenti. Cras in purus eu magna vulputate luctus.\n\nCum sociis natoque penatibus et magnis dis parturient montes, nascetur ridiculus mus. Vivamus vestibulum sagittis sapien. Cum sociis natoque penatibus et magnis dis parturient montes, nascetur ridiculus mus.',NULL,NULL),
	(254,10,5,'potenti cras in purus eu','Nullam sit amet turpis elementum ligula vehicula consequat. Morbi a ipsum. Integer a nibh.\n\nIn quis justo. Maecenas rhoncus aliquam lacus. Morbi quis tortor id nulla ultrices aliquet.\n\nMaecenas leo odio, condimentum id, luctus nec, molestie sed, justo. Pellentesque viverra pede ac diam. Cras pellentesque volutpat dui.',NULL,NULL),
	(255,4,2,'lacinia eget tincidunt','Duis bibendum, felis sed interdum venenatis, turpis enim blandit mi, in porttitor pede justo eu massa. Donec dapibus. Duis at velit eu est congue elementum.\n\nIn hac habitasse platea dictumst. Morbi vestibulum, velit id pretium iaculis, diam erat fermentum justo, nec condimentum neque sapien placerat ante. Nulla justo.\n\nAliquam quis turpis eget elit sodales scelerisque. Mauris sit amet eros. Suspendisse accumsan tortor quis turpis.',5,'2024-09-24'),
	(256,13,12,'curabitur convallis','Morbi non lectus. Aliquam sit amet diam in magna bibendum imperdiet. Nullam orci pede, venenatis non, sodales sed, tincidunt eu, felis.\n\nFusce posuere felis sed lacus. Morbi sem mauris, laoreet ut, rhoncus aliquet, pulvinar sed, nisl. Nunc rhoncus dui vel sem.',13,'2023-09-10'),
	(257,26,25,'sit amet diam in','Maecenas ut massa quis augue luctus tincidunt. Nulla mollis molestie lorem. Quisque ut erat.\n\nCurabitur gravida nisi at nibh. In hac habitasse platea dictumst. Aliquam augue quam, sollicitudin vitae, consectetuer eget, rutrum at, lorem.',13,'2023-05-10'),
	(258,23,22,'turpis enim blandit','',NULL,NULL),
	(259,16,18,'ante vel','In hac habitasse platea dictumst. Morbi vestibulum, velit id pretium iaculis, diam erat fermentum justo, nec condimentum neque sapien placerat ante. Nulla justo.\n\nAliquam quis turpis eget elit sodales scelerisque. Mauris sit amet eros. Suspendisse accumsan tortor quis turpis.',2,'2022-10-25'),
	(260,9,5,'quam sapien','',5,'2025-04-18'),
	(261,14,10,'sit','',NULL,NULL),
	(262,26,24,'etiam','Mauris enim leo, rhoncus sed, vestibulum sit amet, cursus id, turpis. Integer aliquet, massa id lobortis convallis, tortor risus dapibus augue, vel accumsan tellus nisi eu orci. Mauris lacinia sapien quis libero.',3,'2024-07-03'),
	(263,27,24,'vitae consectetuer eget rutrum','Nullam sit amet turpis elementum ligula vehicula consequat. Morbi a ipsum. Integer a nibh.\n\nIn quis justo. Maecenas rhoncus aliquam lacus. Morbi quis tortor id nulla ultrices aliquet.\n\nMaecenas leo odio, condimentum id, luctus nec, molestie sed, justo. Pellentesque viverra pede ac diam. Cras pellentesque volutpat dui.',2,'2024-01-16'),
	(264,1,3,'in faucibus orci','',2,'2025-03-07'),
	(265,19,16,'pulvinar lobortis est phasellus sit','',5,'2024-07-27'),
	(266,9,6,'rhoncus aliquam lacus morbi','',NULL,NULL),
	(267,8,6,'elit','Etiam vel augue. Vestibulum rutrum rutrum neque. Aenean auctor gravida sem.\n\nPraesent id massa id nisl venenatis lacinia. Aenean sit amet justo. Morbi ut odio.',3,'2024-07-27'),
	(268,16,17,'morbi non','Sed sagittis. Nam congue, risus semper porta volutpat, quam pede lobortis ligula, sit amet eleifend pede libero quis orci. Nullam molestie nibh in lectus.\n\nPellentesque at nulla. Suspendisse potenti. Cras in purus eu magna vulputate luctus.\n\nCum sociis natoque penatibus et magnis dis parturient montes, nascetur ridiculus mus. Vivamus vestibulum sagittis sapien. Cum sociis natoque penatibus et magnis dis parturient montes, nascetur ridiculus mus.',1,'2024-11-10'),
	(269,9,7,'morbi vestibulum velit id','Curabitur gravida nisi at nibh. In hac habitasse platea dictumst. Aliquam augue quam, sollicitudin vitae, consectetuer eget, rutrum at, lorem.\n\nInteger tincidunt ante vel ipsum. Praesent blandit lacinia erat. Vestibulum sed magna at nunc commodo placerat.\n\nPraesent blandit. Nam nulla. Integer pede justo, lacinia eget, tincidunt eget, tempus vel, pede.',NULL,NULL),
	(270,26,25,'lacinia','',3,'2024-09-15'),
	(271,4,3,'ipsum','Fusce consequat. Nulla nisl. Nunc nisl.\n\nDuis bibendum, felis sed interdum venenatis, turpis enim blandit mi, in porttitor pede justo eu massa. Donec dapibus. Duis at velit eu est congue elementum.\n\nIn hac habitasse platea dictumst. Morbi vestibulum, velit id pretium iaculis, diam erat fermentum justo, nec condimentum neque sapien placerat ante. Nulla justo.',8,'2022-10-16'),
	(272,24,20,'vitae','',NULL,NULL),
	(273,15,9,'morbi non','',1,'2023-10-02'),
	(274,25,22,'metus arcu','Phasellus in felis. Donec semper sapien a libero. Nam dui.\n\nProin leo odio, porttitor id, consequat in, consequat ut, nulla. Sed accumsan felis. Ut at dolor quis odio consequat varius.',NULL,NULL),
	(275,16,18,'vel sem sed sagittis nam','Mauris enim leo, rhoncus sed, vestibulum sit amet, cursus id, turpis. Integer aliquet, massa id lobortis convallis, tortor risus dapibus augue, vel accumsan tellus nisi eu orci. Mauris lacinia sapien quis libero.\n\nNullam sit amet turpis elementum ligula vehicula consequat. Morbi a ipsum. Integer a nibh.\n\nIn quis justo. Maecenas rhoncus aliquam lacus. Morbi quis tortor id nulla ultrices aliquet.',13,'2024-08-28'),
	(276,1,2,'ipsum aliquam','Sed ante. Vivamus tortor. Duis mattis egestas metus.',13,'2022-09-19'),
	(277,22,20,'nullam varius nulla','Nullam sit amet turpis elementum ligula vehicula consequat. Morbi a ipsum. Integer a nibh.\n\nIn quis justo. Maecenas rhoncus aliquam lacus. Morbi quis tortor id nulla ultrices aliquet.',13,'2024-03-17'),
	(278,16,17,'massa','Quisque id justo sit amet sapien dignissim vestibulum. Vestibulum ante ipsum primis in faucibus orci luctus et ultrices posuere cubilia Curae; Nulla dapibus dolor vel est. Donec odio justo, sollicitudin ut, suscipit a, feugiat et, eros.',NULL,NULL),
	(279,20,14,'proin at turpis','',2,'2024-03-20'),
	(280,1,2,'tristique fusce congue diam','Suspendisse potenti. In eleifend quam a odio. In hac habitasse platea dictumst.\n\nMaecenas ut massa quis augue luctus tincidunt. Nulla mollis molestie lorem. Quisque ut erat.',13,'2023-07-22'),
	(281,24,21,'maecenas pulvinar lobortis','In quis justo. Maecenas rhoncus aliquam lacus. Morbi quis tortor id nulla ultrices aliquet.\n\nMaecenas leo odio, condimentum id, luctus nec, molestie sed, justo. Pellentesque viverra pede ac diam. Cras pellentesque volutpat dui.\n\nMaecenas tristique, est et tempus semper, est quam pharetra magna, ac consequat metus sapien ut nunc. Vestibulum ante ipsum primis in faucibus orci luctus et ultrices posuere cubilia Curae; Mauris viverra diam vitae quam. Suspendisse potenti.',13,'2023-09-07'),
	(282,17,14,'pulvinar nulla pede','Cras non velit nec nisi vulputate nonummy. Maecenas tincidunt lacus at velit. Vivamus vel nulla eget eros elementum pellentesque.\n\nQuisque porta volutpat erat. Quisque erat eros, viverra eget, congue eget, semper rutrum, nulla. Nunc purus.',NULL,NULL),
	(283,29,24,'curae mauris','Phasellus sit amet erat. Nulla tempus. Vivamus in felis eu sapien cursus vestibulum.\n\nProin eu mi. Nulla ac enim. In tempor, turpis nec euismod scelerisque, quam turpis adipiscing lorem, vitae mattis nibh ligula nec sem.',5,'2025-04-03'),
	(284,19,15,'ullamcorper','Etiam vel augue. Vestibulum rutrum rutrum neque. Aenean auctor gravida sem.',5,'2024-12-29'),
	(285,24,21,'nullam sit amet','Nullam porttitor lacus at turpis. Donec posuere metus vitae ipsum. Aliquam non mauris.',8,'2023-04-26'),
	(286,8,6,'vestibulum sit','Duis bibendum. Morbi non quam nec dui luctus rutrum. Nulla tellus.',NULL,NULL),
	(287,19,14,'faucibus cursus urna ut tellus','Phasellus in felis. Donec semper sapien a libero. Nam dui.\n\nProin leo odio, porttitor id, consequat in, consequat ut, nulla. Sed accumsan felis. Ut at dolor quis odio consequat varius.\n\nInteger ac leo. Pellentesque ultrices mattis odio. Donec vitae nisi.',5,'2024-06-10'),
	(288,30,25,'rutrum nulla tellus','Proin leo odio, porttitor id, consequat in, consequat ut, nulla. Sed accumsan felis. Ut at dolor quis odio consequat varius.',3,'2025-05-31'),
	(289,21,21,'mus','',1,'2025-01-11'),
	(290,6,6,'nec condimentum neque','In sagittis dui vel nisl. Duis ac nibh. Fusce lacus purus, aliquet at, feugiat non, pretium quis, lectus.\n\nSuspendisse potenti. In eleifend quam a odio. In hac habitasse platea dictumst.',3,'2022-12-29'),
	(291,2,3,'amet consectetuer','In hac habitasse platea dictumst. Etiam faucibus cursus urna. Ut tellus.\n\nNulla ut erat id mauris vulputate elementum. Nullam varius. Nulla facilisi.\n\nCras non velit nec nisi vulputate nonummy. Maecenas tincidunt lacus at velit. Vivamus vel nulla eget eros elementum pellentesque.',2,'2024-07-24'),
	(292,28,25,'mauris','Nullam porttitor lacus at turpis. Donec posuere metus vitae ipsum. Aliquam non mauris.',13,'2025-04-13'),
	(293,21,22,'ac neque duis bibendum','',8,'2023-05-29'),
	(294,24,21,'accumsan','Integer tincidunt ante vel ipsum. Praesent blandit lacinia erat. Vestibulum sed magna at nunc commodo placerat.\n\nPraesent blandit. Nam nulla. Integer pede justo, lacinia eget, tincidunt eget, tempus vel, pede.\n\nMorbi porttitor lorem id ligula. Suspendisse ornare consequat lectus. In est risus, auctor sed, tristique in, tempus sit amet, sem.',NULL,NULL),
	(295,23,21,'semper','Vestibulum ac est lacinia nisi venenatis tristique. Fusce congue, diam id ornare imperdiet, sapien urna pretium nisl, ut volutpat sapien arcu sed augue. Aliquam erat volutpat.',NULL,NULL),
	(296,17,14,'hac','Suspendisse potenti. In eleifend quam a odio. In hac habitasse platea dictumst.\n\nMaecenas ut massa quis augue luctus tincidunt. Nulla mollis molestie lorem. Quisque ut erat.',1,'2024-02-04'),
	(297,16,16,'curabitur convallis duis','Fusce posuere felis sed lacus. Morbi sem mauris, laoreet ut, rhoncus aliquet, pulvinar sed, nisl. Nunc rhoncus dui vel sem.\n\nSed sagittis. Nam congue, risus semper porta volutpat, quam pede lobortis ligula, sit amet eleifend pede libero quis orci. Nullam molestie nibh in lectus.\n\nPellentesque at nulla. Suspendisse potenti. Cras in purus eu magna vulputate luctus.',NULL,NULL),
	(298,24,21,'curabitur convallis duis consequat','Aliquam quis turpis eget elit sodales scelerisque. Mauris sit amet eros. Suspendisse accumsan tortor quis turpis.',5,'2022-12-29'),
	(299,14,12,'etiam vel','In hac habitasse platea dictumst. Morbi vestibulum, velit id pretium iaculis, diam erat fermentum justo, nec condimentum neque sapien placerat ante. Nulla justo.\n\nAliquam quis turpis eget elit sodales scelerisque. Mauris sit amet eros. Suspendisse accumsan tortor quis turpis.\n\nSed ante. Vivamus tortor. Duis mattis egestas metus.',NULL,NULL),
	(300,7,7,'nisi eu','Cum sociis natoque penatibus et magnis dis parturient montes, nascetur ridiculus mus. Vivamus vestibulum sagittis sapien. Cum sociis natoque penatibus et magnis dis parturient montes, nascetur ridiculus mus.',NULL,'2023-06-23');

/*!40000 ALTER TABLE `tasks` ENABLE KEYS */;
UNLOCK TABLES;


# Dump of table users
# ------------------------------------------------------------

DROP TABLE IF EXISTS `users`;

CREATE TABLE `users` (
  `id` int(11) unsigned NOT NULL AUTO_INCREMENT,
  `name` varchar(255) NOT NULL,
  `avatar` varchar(255) DEFAULT NULL,
  `role` varchar(255) NOT NULL,
  PRIMARY KEY (`id`)
) ENGINE=InnoDB DEFAULT CHARSET=latin1;

LOCK TABLES `users` WRITE;
/*!40000 ALTER TABLE `users` DISABLE KEYS */;

INSERT INTO `users` (`id`, `name`, `avatar`, `role`)
VALUES
	(1,'Lamond Teather','https://robohash.org/explicaboautodit.png?size=50x50&set=set1','Geological Engineer'),
	(2,'Terri-jo Troman','https://robohash.org/sintnequeet.png?size=50x50&set=set1','Research Nurse'),
	(3,'Peder Sheed','https://robohash.org/quametrerum.png?size=50x50&set=set1','General Manager'),
	(4,'Roberto Insall','https://robohash.org/quasiquaeex.png?size=50x50&set=set1','Recruiter'),
	(5,'Gery Smitherham','https://robohash.org/quibusdaminciduntet.png?size=50x50&set=set1','VP Marketing'),
	(6,'Gearalt Franzettoini','https://robohash.org/quamdeseruntet.png?size=50x50&set=set1','Recruiter'),
	(7,'Stevena Halfhide','https://robohash.org/modiipsaaut.png?size=50x50&set=set1','Sales Representative'),
	(8,'Bogart Sked','https://robohash.org/aliquamutfugiat.png?size=50x50&set=set1','Junior Executive'),
	(9,'Constancia Passingham','https://robohash.org/quasietsapiente.png?size=50x50&set=set1','Systems Administrator IV'),
	(10,'Harlan Glazer','https://robohash.org/minimaimpeditsuscipit.png?size=50x50&set=set1','Analyst Programmer'),
	(11,'Martainn Blenkinship','https://robohash.org/atfugiatet.png?size=50x50&set=set1','Office Assistant II'),
	(12,'Verla Hamfleet','https://robohash.org/voluptasetoptio.png?size=50x50&set=set1','Accounting Assistant III'),
	(14,'Ira Meriguet','https://robohash.org/magniiureid.png?size=50x50&set=set1','Accounting Assistant I'),
	(15,'Petronilla Alexsandrowicz','https://robohash.org/ipsumillosint.png?size=50x50&set=set1','Sales Representative'),
	(16,'Karrah Abbate','https://robohash.org/quosetut.png?size=50x50&set=set1','Internal Auditor'),
	(17,'Gusella Devonside','https://robohash.org/doloribusaperiamquam.png?size=50x50&set=set1','Accountant III'),
	(18,'Damaris Poolton','https://robohash.org/sitodiosed.png?size=50x50&set=set1','Business Systems Development Analyst'),
	(20,'Maria Ranscombe','https://robohash.org/impeditquianumquam.png?size=50x50&set=set1','Recruiter'),
	(21,'Yovonnda Riddett','https://robohash.org/asperioresquieos.png?size=50x50&set=set1','Financial Analyst'),
	(22,'Kamillah Sydney','https://robohash.org/etomnisqui.png?size=50x50&set=set1','Media Manager III'),
	(23,'Quentin Thoma','https://robohash.org/etestqui.png?size=50x50&set=set1','Senior Editor'),
	(24,'Jonas Filippazzo','https://robohash.org/aperiamvelitrepellat.png?size=50x50&set=set1','Data Coordiator'),
	(25,'Ines Spottswood','https://robohash.org/remaliquidautem.png?size=50x50&set=set1','Social Worker');

/*!40000 ALTER TABLE `users` ENABLE KEYS */;
UNLOCK TABLES;



/*!40111 SET SQL_NOTES=@OLD_SQL_NOTES */;
/*!40101 SET SQL_MODE=@OLD_SQL_MODE */;
/*!40014 SET FOREIGN_KEY_CHECKS=@OLD_FOREIGN_KEY_CHECKS */;
/*!40101 SET CHARACTER_SET_CLIENT=@OLD_CHARACTER_SET_CLIENT */;
/*!40101 SET CHARACTER_SET_RESULTS=@OLD_CHARACTER_SET_RESULTS */;
/*!40101 SET COLLATION_CONNECTION=@OLD_COLLATION_CONNECTION */;
